"","name","mil_exp_rank","mil_exp_percent_gdp","length_km_y","roadway_rank","num_airports","airports_rank","pop_growth_rate","pop_growth_rank","pop","pop_rank","med_age","med_age_rank","birth_rate","birth_rank","death_rate","death_rank","migr_rate","migr_rank","matern_mort_rate","matern_rank","infant_mort_rate","inf_rank","life_exp","life_exp_rank","fert","fert_rank","obes_rate","obes_rank","unemp_youth","unemp_youth_rank","oil_prod_bbl_day","oil_prod_rank","oil_exp_bbl_day","oil_exp_rank","oil_imp_bbl_day","oil_imp_rank","oil_res_bbl","oil_res_rank","petr_prod_bbl","petr_prod_rank","petr_cons_bbl","petr_cons_rank","petr_exp_bbl","petr_exp_rank","petr_imp_bbl","petr_imp_rank","nat_gas_res_cu_m","nat_gas_res_rank","nat_gas_imp_cu_m","nat_gas_imp_rank","nat_gas_exp_cu_m","nat_gas_exp_rank","nat_gas_con_cu_m","nat_gas_con_rank","nat_gas_prod_cu_m","nat_gas_prod_rank","area_sq_km","area_rank","rev_forrests_perc_of_gdp","rev_for_rank","rev_coal_perc_of_gdp","rev_coal_rank","elec_consum_kWh","elec_consum_rank","elec_prod_kWh","elec_prod_rank","elec_exp_kWh","elec_export_rank","elec_imp_kWh","elec_import_rank","elec_gen_cap_kWh","elec_install_gen_capac_rank","perc_from_foss_fuel","perc_from_foss_rank","perc_from_nuc_fuel","perc_from_nuc_rank","perc_from_hyd_plant","perc_from_hyd_rank","perc_from_other","perc_from_other_rank","num_broad_use","broad_rank","num_int_use","int_use_rank","num_tel_fix","tel_fix_rank","num_mob_fix","tel_mob_rank","gdp_perc_growth","gdp_growth_rank","infl_rate","infl_rank","real_gdp","real_gdp_rank","gdp_per_cap","gdp_per_cap_rank","gross_nat_sav_perc","nat_sav_rank","indust_prod_gr_rate","indust_prod_rank","labor_force","labor_rank","unemp_rate","unemp_rank","gini_index","gini_rank","tax_collec_as_per_of_gdp","tax_coll_rank","budg_sur_or_def","budge_rank","pub_debt","debt_rank","acc_bal","acc_bal_rank","exports","exports_rank","imports","imports_rank","res_gold_forex","gold_forex_rank","debt_ext","debt_ext_rank","Regional.indicator","Ladder.score","Log.GDP.per.capita","Social.support","Healthy.life.expectancy","Freedom.to.make.life.choices","Generosity","Perceptions.of.corruption"
"1","Afghanistan",107,1.2,34903,93,46,94,2.34,29,37466414,39,19.5,201,36.08,13,12.57,11,-0.1,99,638,11,106.75,1,53.25,227,4.72,14,5.5,176,17.6,81,0,101,0,82,0,84,0,99,0,110,35000,117,0,124,34210,97,4.955e+10,62,0,81,0,57,164200000,108,164200000,79,652230,43,0.2,93,0.45,12,5.526e+09,119,1.211e+09,146,0,96,4.4e+09,42,634100,138,45,159,0,32,52,34,4,110,19683,156,4717013,86,134636,127,22580071,54,2.7,106,5,181,7.8557e+10,101,2065,213,22.7,86,-1.9,181,8478000,58,23.9,195,29.4,153,11.2,210,-15.1,217,7,202,1.014e+09,49,7.84e+08,169,7.616e+09,119,7.187e+09,85,2.84e+08,185,"South Asia",1.72,0.63,0,0.24,0,0.09,0.09
"2","Albania",101,1.3,3945,156,3,190,0.24,180,3088385,136,34.3,91,12.86,141,7.27,106,-3.24,182,15,136,11.1,132,79.23,62,1.53,196,21.7,85,27,41,14000,73,17290,51,0,85,168300000,59,5638,103,29000,120,3250,98,26660,103,821200000,101,0,82,0,58,50970000,112,50970000,86,28748,144,0.18,95,0.03,34,5.11e+09,122,7.138e+09,111,1.869e+09,46,1.827e+09,58,2109000,112,5,202,0,33,95,5,0,171,436192,91,2196613,119,242859,118,2630076,144,2.24,125,1.4,80,3.9859e+10,124,13965,118,14,151,6.8,31,1104000,139,5.83,96,33.2,129,27.6,99,-2,103,71.8,45,-9.08e+08,142,900700000,164,4.103e+09,144,3.59e+09,103,9.311e+09,116,"Central and Eastern Europe",5.3,1.44,0.92,0.64,0.69,0.14,0.05
"3","Algeria",3,6,104000,46,149,36,1.41,71,43576691,35,28.9,139,19.24,76,4.32,209,-0.84,138,112,68,20.23,83,77.79,78,2.55,69,27.4,38,39.3,11,1259000,18,756400,15,5340,75,1.22e+10,15,627900,29,405000,37,578800,15,82930,61,4.504e+12,10,0,83,5.388e+10,7,4.128e+10,25,9.35e+10,10,2381740,11,0.1,110,0,53,5.596e+10,46,6.689e+10,42,6.41e+08,65,2.57e+08,91,19270000,45,96,36,0,34,1,144,2,129,3582739,40,24819531,31,4635217,31,47081131,32,1.4,158,1.9,105,4.95564e+11,42,11511,138,38.8,15,0.6,164,10859000,48,11.7,160,27.6,161,32.3,67,-9.6,207,27.5,170,-2.21e+10,198,3.437e+10,67,4.854e+10,60,9.789e+10,26,5.574e+09,130,"Middle East and North Africa",5.36,1.32,1.19,0.57,0.25,0.09,0.2
"4","Argentina",138,0.7,281290,21,916,6,0.84,118,45864941,32,32.4,110,15.8,110,7.36,104,-0.08,98,39,101,9.55,142,78.07,75,2.2,90,28.3,30,25.9,49,489000,29,36630,43,16740,68,2.162e+09,32,669800,26,806000,27,58360,51,121400,49,3.366e+11,35,9.826e+09,27,76450000,49,4.904e+10,17,4.092e+10,20,2780400,9,0.09,115,0,57,1.21e+11,30,1.319e+11,30,5.5e+07,85,9.851e+09,26,38350000,27,69,112,4,23,24,79,3,119,8793181,19,33203320,24,7757243,21,56352947,26,-2.03,205,25.7,221,9.91523e+11,26,22064,86,15.8,136,2.7,111,1.8e+07,31,9.84,145,41.4,51,18.9,157,-6,182,57.6,77,-3.997e+09,178,8.2985e+10,53,7.2162e+10,54,5.533e+10,38,2.78524e+11,33,"Latin America and Caribbean",6.19,1.56,1.38,0.59,0.68,0.09,0.08
"5","Armenia",10,4.3,7700,140,7,165,-0.35,219,3011609,138,36.6,78,11.45,167,9.48,46,-5.43,206,26,119,12.47,116,75.86,113,1.65,179,20.2,101,32.6,24,0,106,0,86,0,90,0,103,0,114,8000,162,0,126,7145,158,0,106,2.35e+09,48,0,62,2.35e+09,80,0,100,29743,142,0.28,82,0,58,5.291e+09,121,6.951e+09,112,1.424e+09,50,2.75e+08,90,4080000,86,58,134,9,15,32,65,0,172,385704,97,1966942,122,451571,99,3618747,135,7.5,11,1.4,81,4.0384e+10,122,13654,120,10.2,172,5.4,51,1507000,128,18.9,186,34.4,112,22.9,130,-4.8,167,53.5,89,-3.28e+08,111,2.361e+09,141,3.771e+09,147,2.314e+09,119,1.1637e+10,111,"Commonwealth of Independent States",5.46,1.44,1.15,0.6,0.65,0.05,0.17
"6","Australia",54,2.1,873573,9,418,19,1.31,75,25809973,55,37.5,69,12.35,154,6.78,128,7.49,11,6,159,3.05,214,82.89,14,1.74,161,29,27,14.3,101,284000,31,192500,31,341700,24,1.821e+09,35,462500,35,1175000,20,64120,48,619600,12,1.989e+12,17,5.776e+09,33,6.796e+10,6,4.525e+10,19,1.052e+11,9,7741220,7,0.13,105,0.78,7,2.294e+11,19,2.43e+11,19,0,101,0,122,65560000,18,72,101,0,40,11,113,17,48,8752830,21,21419302,35,7820000,20,27880000,48,1.84,146,1.6,93,1.264514e+12,19,49854,30,22.5,89,1.4,144,12568000,43,5.16,83,34.4,113,35.5,61,-0.5,60,40.8,123,8.146e+09,27,4.04562e+11,20,3.34279e+11,22,6.658e+10,33,3.115913e+12,8,"North America and ANZ",7.06,1.85,1.46,0.69,0.76,0.23,0.32
"7","Austria",139,0.7,137039,39,50,90,0.32,170,8884864,97,44.5,14,9.48,194,9.85,36,3.57,33,5,163,3.29,205,82.07,25,1.5,202,20.1,105,8.5,145,13000,75,0,88,146600,37,41200000,78,186500,54,268000,47,49960,55,135500,42,6.513e+09,84,1.402e+10,22,5.437e+09,29,9.486e+09,50,1.274e+09,62,83871,114,0.07,122,0,59,6.46e+10,41,6.078e+10,48,1.921e+10,9,2.637e+10,6,24790000,36,25,188,0,41,43,45,31,16,2519000,49,7712665,63,3722128,37,10726000,83,1.42,156,1.5,88,4.9878e+11,41,56188,23,28.5,45,6.5,35,3739000,94,7.35,117,29.7,150,48.3,18,-0.7,67,78.6,37,1.2667e+10,21,2.70888e+11,28,2.53276e+11,29,2.157e+10,57,6.88434e+11,19,"Western Europe",6.91,1.89,1.34,0.7,0.7,0.21,0.31
"8","Azerbaijan",13,4,24981,105,23,132,0.71,135,10282283,89,32.6,108,14.03,130,6.93,120,0,78,26,120,24.1,71,73.88,144,1.87,133,19.9,106,12.4,110,798000,23,718800,19,0,92,7e+09,18,138900,61,1e+05,80,46480,57,5576,168,9.911e+11,25,2.095e+09,51,8.042e+09,24,1.034e+10,47,1.696e+10,35,86600,113,0.02,138,0,60,2.024e+10,71,2.357e+10,73,2.65e+08,71,1.14e+08,97,7876000,71,84,74,0,42,14,104,2,132,1943013,56,8017120,60,1673211,61,10750300,82,0.1,189,2.6,129,1.44374e+11,77,14404,117,29.2,40,-3.8,191,4939000,79,5,79,33.7,121,23.5,126,-1.6,93,54.1,85,1.685e+09,44,1.515e+10,86,9.037e+09,113,6.681e+09,88,1.741e+10,99,"Commonwealth of Independent States",4.89,1.43,0.88,0.5,0.67,0.11,0.2
"10","Bangladesh",102,1.3,369105,20,18,137,0.95,104,164098818,8,27.9,143,17.88,85,5.44,182,-2.93,178,173,53,31.13,56,74.43,136,2.1,96,3.6,191,12.8,107,3000,83,0,91,21860,63,2.8e+07,81,26280,86,106000,77,901,108,81570,63,1.858e+11,44,0,89,0,65,2.953e+10,32,2.953e+10,27,148460,94,0.08,117,0.02,42,5.365e+10,48,6.051e+10,49,0,103,0,124,11900000,56,97,32,0,45,2,136,2,133,8085500,22,23917950,32,1449646,66,165572000,10,7.4,12,5.5,188,7.75076e+11,31,4754,177,35.7,19,10.2,15,66640000,7,4.4,65,32.4,139,9.6,214,-3.2,137,33.1,159,-5.322e+09,185,3.3057e+10,69,4.4801e+10,64,3.342e+10,49,5.026e+10,68,"South Asia",3.89,1.12,0.25,0.51,0.78,0.14,0.17
"11","Belgium",124,1.07,118414,41,41,102,0.59,152,11778842,80,41.6,44,11.03,175,9.71,39,4.58,25,5,164,3.24,207,81.65,31,1.77,152,22.1,81,14.2,102,0,109,0,92,687600,16,0,106,731700,25,648600,31,680800,12,601400,14,0,109,1.809e+10,17,736200000,40,1.761e+10,40,0,102,30528,140,0.02,139,0,65,8.216e+10,36,7.983e+10,37,8.465e+09,25,1.465e+10,15,21560000,41,35,177,28,2,1,146,36,7,4590707,33,10258638,51,3930410,36,11509573,80,1.41,157,1.4,84,5.96414e+11,35,51934,28,25.3,67,0.2,168,4122000,88,5.36,86,27.4,163,51.3,15,-1,74,103.4,13,1.843e+09,41,4.74278e+11,18,4.73129e+11,17,2.616e+10,54,1.317513e+12,17,"Western Europe",6.89,1.87,1.44,0.69,0.73,0.17,0.31
"12","Benin",140,0.7,16000,121,6,172,3.36,6,13301694,74,17,218,41.55,5,8.21,79,0.25,74,397,27,57.23,17,61.82,212,5.47,6,9.6,142,5.6,161,0,110,0,93,0,96,8e+06,92,0,118,38000,113,1514,107,38040,93,1.133e+09,98,0,91,0,69,0,121,0,104,112622,102,2.24,31,0,67,1.143e+09,152,3.35e+08,177,0,106,1.088e+09,68,321000,158,88,58,0,49,9,116,2,134,25032,150,2403596,110,35917,167,10349847,85,5.6,33,-0.8,8,3.8794e+10,127,3287,195,19.7,108,3,101,3662000,97,1,8,47.8,20,17.1,171,-6.2,186,54.6,81,-1.024e+09,147,3.056e+09,135,5.458e+09,134,698900000,141,2.804e+09,145,"Sub-Saharan Africa",4.38,0.91,0.13,0.28,0.57,0.11,0.25
"13","Bolivia",96,1.4,90568,54,855,7,1.39,72,11758869,81,25.3,160,20.36,72,6.26,147,-0.23,111,155,56,39.27,41,70.7,168,2.45,75,20.2,102,8.8,138,60000,50,1274,72,0,99,211500000,54,65960,75,83000,86,9686,82,20620,118,2.959e+11,37,0,94,1.546e+10,15,3.171e+09,71,1.869e+10,32,1098581,29,0.33,78,0,69,7.785e+09,105,8.951e+09,107,0,108,0,127,2764000,101,76,93,0,52,18,92,7,91,746872,77,4955569,83,652272,86,11688830,78,2.22,128,1.8,100,1.00445e+11,90,8724,149,14.2,149,2.2,123,5719000,71,4,59,42.2,46,39.9,39,-7.8,196,49,104,-2.375e+09,171,9.632e+09,102,1.0142e+10,106,1.026e+10,74,1.281e+10,107,"Latin America and Caribbean",5.78,1.22,1.18,0.49,0.72,0.1,0.06
"14","Bosnia and Herzegovina",130,0.9,22926,109,24,129,-0.21,210,3824782,130,43.3,27,8.5,213,10.25,31,-0.38,121,10,143,5.32,174,77.74,82,1.35,219,17.9,118,33.8,23,0,113,0,96,18480,64,0,109,0,121,32000,118,4603,92,18280,129,0,113,226500000,70,0,72,226500000,103,0,107,51197,128,0.49,66,0.34,17,1.187e+10,89,1.699e+10,86,6.007e+09,31,3.084e+09,49,4676000,83,49,153,0,53,51,35,1,147,745887,78,2699544,104,728322,82,3755521,133,3,98,1.2,74,4.9224e+10,115,14912,112,16.6,134,3,102,806000,145,33.28,210,33,130,44,26,2.1,15,39.5,130,-8.73e+08,138,8.843e+09,103,1.2561e+10,99,6.474e+09,90,1.087e+10,113,"Central and Eastern Europe",5.88,1.47,1.32,0.59,0.62,0.25,0
"15","Botswana",30,2.8,31747,95,74,70,1.43,69,2350667,144,25.7,157,20.6,70,9.12,55,2.85,38,144,59,25.97,68,65.24,200,2.42,76,18.9,114,37.8,15,0,114,0,97,0,100,0,110,0,122,21000,135,0,133,21090,116,0,114,0,95,0,73,0,124,0,108,581730,50,0.23,88,0.45,13,3.636e+09,131,2.527e+09,135,0,109,1.673e+09,59,735000,135,100,4,0,54,0,159,0,177,49295,139,1057079,138,142587,124,3746760,134,2.4,119,2.7,134,4.0928e+10,121,17767,99,32.5,28,-4.2,193,1177000,135,20,189,53.3,9,30.5,75,-1,76,14,195,2.146e+09,38,5.934e+09,113,5.005e+09,138,7.491e+09,82,2.187e+09,151,"Sub-Saharan Africa",3.38,1.45,0.97,0.24,0.57,0.01,0.08
"16","Brazil",87,1.5,2e+06,4,4093,2,0.65,144,213445417,7,33.2,101,13.44,136,6.8,126,-0.13,102,60,88,18.37,95,74.98,129,1.73,164,22.1,82,27.8,36,2587000,10,736600,17,297700,25,1.263e+10,14,2811000,7,2956000,7,279000,28,490400,17,3.774e+11,34,1.051e+10,26,134500000,48,3.435e+10,28,2.396e+10,29,8515770,6,0.62,61,0.01,46,5.091e+11,8,5.679e+11,8,2.19e+08,73,4.131e+10,3,150800000,7,17,197,1,28,64,24,18,45,32914496,5,140908998,4,33712877,6,202009290,6,1.13,169,3.7,158,3.092216e+12,10,14652,115,12.2,162,0,169,86621000,5,11.93,164,53.9,7,35.7,57,-1.1,82,84,32,-5.0927e+10,203,2.91452e+11,26,2.71257e+11,25,3.74e+11,10,6.81336e+11,20,"Latin America and Caribbean",6.27,1.43,1.27,0.55,0.69,0.13,0.14
"17","Bulgaria",76,1.6,19512,117,68,72,-0.67,229,6919180,107,43.7,20,8.15,218,14.52,3,-0.29,115,10,144,8.14,153,75.3,122,1.49,204,25,53,8.9,136,1000,91,0,99,133900,39,1.5e+07,84,144300,60,97000,82,92720,45,49260,83,5.663e+09,88,3.256e+09,44,31150000,52,3.313e+09,70,79280000,83,110879,105,0.22,89,0.14,23,3.234e+10,60,4.229e+10,57,9.187e+09,23,4.568e+09,41,10750000,57,39,170,20,8,23,83,19,40,2014772,55,4571851,87,975355,76,8134581,98,3.39,89,3.1,148,1.61654e+11,75,23174,84,26.1,60,3.6,80,3113000,102,5.66,91,40.4,60,35.7,58,1.8,16,23.9,181,2.06e+09,39,4.2369e+10,64,4.4853e+10,63,2.838e+10,51,3.9059e+10,77,"Central and Eastern Europe",5.46,1.63,1.47,0.57,0.62,0.08,0.01
"18","Burkina Faso",39,2.4,15304,124,23,133,2.58,17,21382659,59,17.9,216,34.34,20,7.92,90,-0.62,127,320,34,50.71,21,63.06,208,4.39,23,5.6,175,8.6,143,0,116,0,100,0,102,0,112,0,124,23000,132,0,136,23580,110,0,116,0,98,0,75,0,126,0,110,274200,76,4.54,14,0,71,1.551e+09,148,9.9e+08,152,0,112,6.3e+08,77,342400,153,80,82,0,57,9,117,12,71,12015,165,3158834,96,75291,148,20364508,61,6.4,24,-3.2,1,4.4266e+10,119,2178,212,17.4,126,10.4,14,8501000,57,77,219,35.3,103,21.2,143,-7.9,198,38.1,136,-1.019e+09,146,3.902e+09,125,5.294e+09,135,4.9e+07,186,3.056e+09,143,"Sub-Saharan Africa",4.55,0.76,0.69,0.27,0.48,0.17,0.18
"19","Cambodia",42,2.3,47263,84,16,142,1.34,74,17304363,70,26.4,153,20.84,69,7.15,112,-0.29,116,160,55,45.62,31,66.27,193,2.36,77,3.9,188,1.1,180,0,119,0,103,0,106,0,115,0,127,45000,108,0,140,43030,86,0,119,0,102,0,78,0,129,0,113,181035,90,0.84,57,0,74,5.857e+09,117,5.21e+09,121,0,116,1.583e+09,60,1697000,119,35,178,0,61,63,27,2,135,184379,114,6579808,74,56445,156,21418681,57,6.9,18,2.9,146,7.2356e+10,105,4389,179,27.2,54,10.6,11,8913000,52,0.3,2,37.9,76,17.9,164,-1.8,97,30.4,165,-1.871e+09,165,1.142e+10,92,1.437e+10,95,1.22e+10,69,1.187e+10,108,"Southeast Asia",4.34,1.01,1.02,0.44,0.86,0.17,0.07
"20","Cameroon",117,1.1,77589,65,33,111,2.77,13,28524175,51,18.5,209,35.91,14,7.93,89,-0.32,118,529,18,50.09,24,62.79,210,4.61,19,11.4,135,6.3,159,69000,47,96370,35,36480,59,2e+08,55,39080,82,45000,109,8545,84,14090,138,1.351e+11,48,0,103,0,79,906100000,93,910400000,69,475440,56,2.5,27,0,75,6.411e+09,113,8.108e+09,109,0,117,5.5e+07,105,1558000,122,52,145,0,62,47,44,1,149,400929,94,6089200,77,856411,79,21400736,58,3.5,84,2.4,124,9.4248e+10,96,3642,188,17.7,125,3.3,94,9912000,50,4.3,64,46.5,22,15.3,191,-3.4,143,36.9,143,-9.32e+08,144,4.732e+09,118,4.812e+09,141,3.235e+09,107,9.375e+09,114,"Sub-Saharan Africa",4.87,0.94,0.86,0.29,0.52,0.13,0.06
"21","Canada",95,1.42,1042300,8,1467,4,0.77,127,37943231,38,41.8,40,10.21,190,8.08,84,5.55,19,10,145,4.44,184,83.62,6,1.57,192,29.4,26,20.2,71,4264000,5,2818000,4,806700,14,1.705e+11,3,2009000,10,2445000,10,1115000,8,405700,21,2.056e+12,16,2.636e+10,13,8.396e+10,5,1.244e+11,6,1.591e+11,5,9984670,3,0.08,118,0.08,27,5.222e+11,7,6.496e+11,6,7.335e+10,2,2.682e+09,52,143500000,8,23,191,9,16,56,30,12,72,15273496,14,33743954,23,13267000,15,34366950,43,1.66,149,1.9,107,1.843053e+12,16,49031,32,19.9,105,4.9,60,18136000,30,5.67,92,33.3,128,39.3,48,-1,77,89.7,25,-3.5425e+10,201,6.18762e+11,11,6.29402e+11,9,8.668e+10,28,2.124887e+12,12,"North America and ANZ",6.9,1.84,1.46,0.7,0.73,0.23,0.37
"22","Chad",49,2.2,40000,89,59,81,3.12,9,17414108,68,16.1,223,41.05,6,9.7,40,-0.13,103,1140,2,67.02,5,58.73,222,5.57,5,6.1,170,1.5,178,132000,40,70440,37,0,109,1.5e+09,38,0,130,2300,193,0,143,2285,189,0,122,0,106,0,82,0,132,0,116,1284000,22,3.81,19,0,78,208600000,192,224300000,190,0,120,0,134,48200,191,98,28,0,65,0,164,3,122,68,203,1029153,140,6524,201,7664839,101,-3.1,211,-0.9,7,2.519e+10,144,1580,221,15.5,142,-4,192,5654000,72,NA,NA,43.3,40,13.5,206,-1.5,89,52.5,94,-5.58e+08,124,2.464e+09,138,2.16e+09,169,22900000,190,1.724e+09,154,"Sub-Saharan Africa",4.47,0.6,0.81,0.2,0.41,0.22,0.11
"23","Chile",68,1.8,77801,63,481,14,0.68,139,18307925,66,35.5,83,12.92,140,6.47,136,0.33,72,13,138,6.68,166,79.57,54,1.76,155,28,32,19.6,74,3000,84,0,106,169600,33,1.5e+08,60,216200,49,354500,39,7359,87,166400,38,9.797e+10,52,4.446e+09,38,277500000,43,5.125e+09,58,1.218e+09,65,756102,39,0.49,67,0.01,48,7.322e+10,38,7.609e+10,39,0,121,0,135,24530000,37,59,133,0,66,26,75,15,56,3429305,41,14757868,45,2750272,48,25051668,51,1.03,171,2.2,116,4.59134e+11,44,24226,83,18.9,115,-0.4,170,7249000,63,7.22,116,44.4,33,20.8,145,-2.8,124,23.6,182,-1.0933e+10,193,9.0626e+10,49,8.7505e+10,51,3.898e+10,44,1.93298e+11,39,"Latin America and Caribbean",6.36,1.62,1.37,0.67,0.65,0.12,0.08
"24","China",74,1.7,4960600,2,507,13,0.26,175,1397897720,1,38.4,62,11.3,169,8.26,77,-0.43,122,29,111,11.15,131,76.31,107,1.6,185,6.2,169,NA,NA,3773000,7,57310,40,6710000,2,2.563e+10,12,11510000,2,12470000,2,848400,9,1160000,4,5.44e+12,9,9.763e+10,3,3.37e+09,35,2.386e+11,3,1.459e+11,6,9596960,5,0.08,119,0.57,9,5.564e+12,1,5.883e+12,1,1.891e+10,10,6.185e+09,33,1.653e+09,1,62,124,2,25,18,93,18,46,449279000,1,751886119,1,191033000,1,1746238000,1,6.14,26,2.8,139,2.2526502e+13,1,16117,106,44.2,8,6.1,40,774710000,1,3.64,52,38.5,74,21.3,141,-3.8,152,47,111,1.41335e+11,3,2.49e+12,1,2.14e+12,2,3.236e+12,1,2.02795e+12,13,"East Asia",5.97,1.5,1.24,0.63,0.7,0.13,0.16
"25","Colombia",24,3.2,206500,26,836,8,1.04,96,50355650,29,31.2,115,16.51,101,5.53,180,-0.6,126,83,78,12.88,112,76.91,94,2.14,94,22.3,78,20,73,863000,22,726700,18,0,110,1.665e+09,36,303600,41,333000,40,56900,52,57170,74,1.139e+11,49,48140000,76,0,83,1.008e+10,48,1.002e+10,41,1138910,27,0.1,111,0.75,8,6.825e+10,40,7.492e+10,41,4.6e+08,69,3.78e+08,82,16890000,49,29,184,0,67,69,17,2,136,6949852,26,29990017,27,7012306,23,66283175,24,3.26,92,3.5,155,7.41099e+11,32,14722,114,15.7,138,-2.2,185,19309000,28,10.5,153,50.4,15,26.5,109,-2.7,119,49.4,102,-1.3748e+10,196,6.1697e+10,57,8.7072e+10,52,4.713e+10,42,1.35644e+11,47,"Latin America and Caribbean",5.7,1.44,1.24,0.65,0.64,0.07,0.06
"26","Comoros",NA,NA,880,187,4,185,1.41,70,864335,163,20.9,188,22.98,53,6.61,133,-2.28,171,273,40,58.21,15,66.9,188,2.86,54,7.8,157,19.5,76,0,122,0,107,0,111,0,118,0,131,1300,201,0,144,1241,197,0,123,0,107,0,84,0,133,0,117,2235,179,1.39,46,0,79,39060000,207,4.2e+07,207,0,122,0,136,27000,202,96,38,0,68,4,131,0,180,1181,194,69635,188,10042,190,575218,171,2.7,107,1,64,2.603e+09,194,3060,197,12.8,157,1,154,278500,165,6.5,102,45.3,29,25.3,117,-6.5,188,32.4,160,-2.7e+07,74,1.61e+08,194,4.71e+08,199,2.08e+08,173,199800000,189,"Sub-Saharan Africa",3.57,0.9,0.33,0.37,0.17,0.13,0.16
"27","Costa Rica",142,0.7,5035,147,161,34,1.04,93,5151140,124,32.6,109,14.53,124,4.86,200,0.78,63,27,116,8.59,147,79.41,59,1.87,134,25.7,48,31.5,28,0,124,0,109,0,115,0,120,0,134,53000,100,0,147,51320,80,0,125,0,111,0,88,0,136,0,120,51100,129,0.82,58,0,82,9.812e+09,98,1.079e+10,100,6.43e+08,64,8.07e+08,72,3584000,94,18,196,0,72,64,25,18,47,904734,74,3694974,94,640302,88,8550243,96,3.3,90,2,111,9.9146e+10,92,19642,91,14.2,150,1.3,147,1843000,123,8.1,127,48,19,14.3,200,-6.1,185,48.9,105,-1.692e+09,163,1.081e+10,95,1.515e+10,93,7.15e+09,86,2.9589e+10,85,"Latin America and Caribbean",6.96,1.56,1.37,0.66,0.8,0.11,0.12
"28","Croatia",66,1.83,26958,101,69,71,-0.48,226,4208973,127,43.9,18,8.68,211,12.78,10,-0.74,134,8,150,8.91,144,76.97,90,1.44,213,24.4,59,16.6,87,14000,74,0,110,55400,55,7.1e+07,74,74620,70,73000,91,40530,58,35530,94,2.492e+10,71,1.841e+09,54,172700000,46,2.577e+09,77,1.048e+09,67,56594,127,0.26,85,0,84,1.593e+10,76,1.22e+10,95,3.2e+09,42,8.702e+09,28,4921000,80,45,160,0,74,40,52,16,49,1154773,69,3104212,98,1333661,68,4404652,126,2.94,101,0.7,51,1.16339e+11,85,28602,72,25.3,68,1.2,148,1656000,126,8.07,126,30.4,148,46.1,21,0.8,35,77.8,38,1.597e+09,45,3.628e+10,65,3.7612e+10,68,1.882e+10,60,4.8263e+10,70,"Central and Eastern Europe",5.94,1.71,1.45,0.64,0.47,0.06,0.04
"29","Cyprus",77,1.6,19901,114,15,145,1.11,89,1281506,157,37.9,65,10.76,181,6.9,123,7.29,13,6,160,8.61,146,79.51,55,1.48,207,21.8,84,16.6,88,0,126,0,113,0,116,0,122,0,135,49000,106,500,110,49240,84,1.416e+11,47,0,115,0,92,0,138,0,122,9251,169,0,166,0,87,4.355e+09,126,4.618e+09,123,0,126,0,140,1770000,117,85,70,0,76,0,166,15,57,326565,101,1044473,139,323914,108,1243151,158,3.08,97,0.2,25,3.5353e+10,131,39545,49,13.6,152,13.4,5,416000,158,7.07,115,31.4,144,39.9,40,1.8,17,97.5,19,-1.578e+09,161,2.065e+10,79,2.107e+10,80,888200000,136,2.1319e+11,37,"Western Europe",6.07,1.79,1.22,0.74,0.53,0.12,0.05
"30","Czechia",100,1.34,55744,82,128,45,0.04,192,10702596,86,43.3,28,8.75,207,10.72,23,2.32,43,3,176,2.42,219,79.5,56,1.49,205,26,46,5.6,162,2000,86,446,78,155900,36,1.5e+07,85,177500,56,213700,56,52200,54,83860,60,3.964e+09,93,8.891e+09,28,0,93,8.721e+09,51,229400000,78,78867,116,0.17,97,0.14,24,6.234e+10,42,7.739e+10,38,2.479e+10,7,1.382e+10,18,21630000,40,60,131,19,10,5,130,16,50,3739614,39,8622750,58,1494175,63,13213279,71,2.27,124,2.8,140,4.35987e+11,46,40862,46,26.2,58,7.5,27,5222000,75,2.8,33,24.9,171,40.5,37,1.6,19,34.7,153,-6.78e+08,130,2.29578e+11,32,2.11922e+11,33,1.48e+11,18,1.91871e+11,40,"Central and Eastern Europe",6.82,1.78,1.51,0.64,0.79,0.18,0.07
"31","Denmark",94,1.43,74558,67,80,68,0.44,160,5894687,113,42,38,11.17,171,9.5,45,2.74,39,4,172,3.09,213,81.45,35,1.77,151,19.7,109,10.1,124,115000,41,82980,36,98240,44,4.39e+08,46,183900,55,158500,64,133700,38,109700,51,1.286e+10,77,509700000,65,2.237e+09,37,3.115e+09,73,4.842e+09,52,43094,133,0.02,140,0,88,3.302e+10,59,2.984e+10,65,9.919e+09,20,1.498e+10,14,14340000,52,46,158,0,77,0,167,54,2,2536508,48,5672398,79,1003524,75,7243465,105,2.85,102,0.7,52,3.36335e+11,53,57804,20,31.5,30,2.5,116,2736000,107,3.05,40,28.7,157,53,12,1.1,30,35.3,151,3.0935e+10,12,2.26589e+11,33,1.97818e+11,35,7.525e+10,30,5.04808e+11,24,"Western Europe",7.58,1.91,1.52,0.7,0.82,0.2,0.55
"32","Dominican Republic",143,0.7,19705,115,36,108,0.92,109,10597348,87,27.9,144,18.24,81,6.29,144,-2.71,174,95,71,21.68,79,72.28,154,2.23,86,27.6,37,16,91,0,129,0,116,16980,67,0,125,16060,92,134000,70,0,149,108500,52,0,129,1.161e+09,60,0,96,1.161e+09,92,0,125,48670,131,0.03,134,0,91,1.564e+10,78,1.803e+10,81,0,129,0,143,3839000,91,77,92,0,80,16,99,7,92,951970,72,7705529,64,1211081,70,8948107,91,4.6,57,1.8,101,1.97735e+11,68,18413,97,23.8,77,3.1,99,4732000,81,5.1,81,43.7,36,14.9,194,-3,132,37.2,140,-1.65e+08,96,1.012e+10,99,1.77e+10,90,6.873e+09,87,2.3094e+10,90,"Latin America and Caribbean",5.82,1.52,1.27,0.51,0.73,0.09,0.2
"33","Ecuador",43,2.3,43216,87,432,18,1.16,86,17093159,71,28.8,140,16.71,95,5.15,192,0,82,59,90,18.55,94,77.76,80,2.07,100,19.9,107,8.8,139,517000,28,383500,22,0,119,8.273e+09,17,137400,62,265000,48,25870,66,153900,40,1.09e+10,78,0,118,0,97,453100000,100,477800000,73,283561,75,0.27,83,0,92,2.268e+10,70,2.65e+10,71,2.11e+08,75,8.2e+07,102,8192000,69,43,163,0,81,54,32,2,137,2092458,54,9448692,55,2195840,53,15853100,66,0.06,192,0.2,26,1.97631e+11,69,11375,139,24.7,72,-0.6,173,8086000,59,5.71,94,45.4,28,32,69,-4.5,164,45.4,114,-5.3e+07,79,2.5446e+10,74,2.6096e+10,73,2.395e+09,116,5.0667e+10,67,"Latin America and Caribbean",5.73,1.32,1.15,0.64,0.61,0.09,0.08
"34","Egypt",110,1.2,65050,74,83,65,2.17,36,106437241,14,24.1,166,26.44,42,4.36,207,-0.34,120,37,102,18.25,96,74.01,141,3.23,44,32,18,24.7,57,639000,27,246500,29,64760,51,4.4e+09,24,547500,31,878000,25,47360,56,280200,26,2.186e+12,15,7.079e+09,29,212400000,45,5.771e+10,13,5.086e+10,16,1001450,31,0.15,100,NA,NA,1.597e+11,23,1.835e+11,22,1.158e+09,57,5.4e+07,106,45120000,23,91,54,0,82,6,129,2,138,7598941,24,46644728,18,8760436,19,95340262,18,4.2,68,9.3,206,1.18089e+12,21,11763,136,14.6,148,3.5,84,24113000,23,7.86,122,31.5,143,17.9,165,-8.6,202,103,14,-8.915e+09,190,8.7891e+10,50,1.15345e+11,45,3.589e+10,47,1.09238e+11,52,"Middle East and North Africa",3.98,1.37,1,0.49,0.49,0.03,0.26
"35","El Salvador",111,1.2,9012,138,68,73,0.67,140,6528135,109,27.7,145,18.22,82,5.91,164,-5.57,207,46,95,12.38,118,75.11,125,2.07,98,24.6,57,9.9,127,0,130,0,117,0,120,0,126,0,138,52000,103,347,115,49280,82,0,130,0,119,0,98,0,141,0,126,21041,153,0.6,62,0,93,5.928e+09,116,5.83e+09,116,89600000,82,1.066e+09,70,1983000,113,49,154,0,83,23,84,29,17,492265,86,2153776,120,882498,77,9442667,89,2.3,121,0,19,5.6636e+10,109,8776,148,17,128,3.6,81,2908000,105,7,114,38.6,73,23.7,123,-2.5,114,67.9,54,-5.01e+08,122,4.662e+09,119,9.499e+09,111,3.567e+09,104,1.724e+10,100,"Latin America and Caribbean",6.47,1.27,1.08,0.55,0.82,0.08,0.25
"36","Estonia",44,2.3,58412,79,18,138,-0.69,230,1220042,159,43.7,21,9.03,204,13.06,7,-2.85,177,9,147,3.47,200,77.63,83,1.61,182,21.2,92,11.1,117,0,132,0,119,0,123,0,128,0,141,28300,121,27150,64,35520,95,0,132,481400000,67,0,100,481400000,98,0,128,45228,132,0.85,55,0,95,8.795e+09,102,1.155e+10,97,5.613e+09,33,3.577e+09,46,2578000,106,72,103,0,86,0,170,28,21,431251,92,1111896,136,324388,107,1951051,150,5,48,2.2,119,4.8987e+10,116,36927,55,29.1,41,9.5,17,648000,151,4.94,74,30.4,149,39.9,41,-0.3,52,9,199,6.16e+08,53,2.395e+10,75,2.3323e+10,77,3.45e+08,164,2.3944e+10,89,"Central and Eastern Europe",6.45,1.75,1.53,0.66,0.81,0.17,0.4
"37","Eswatini",69,1.8,3769,157,14,148,0.77,126,1113276,160,23.7,174,23.87,49,9.9,35,-6.26,211,437,25,41.2,37,59.13,220,2.48,71,16.5,124,47.1,7,0,133,0,120,0,124,0,129,0,142,5300,175,0,152,5279,169,0,133,0,122,0,101,0,143,0,129,17364,158,2.25,30,0.1,26,1.431e+09,149,3.81e+08,173,0,132,1.077e+09,69,295900,160,39,172,0,87,20,87,41,5,7000,177,510984,151,40003,162,1025061,162,1.6,152,6.2,193,9.898e+09,164,8622,151,16.2,135,5.6,48,427900,157,28,202,54.6,5,28.6,94,-8.5,201,28.4,168,6.04e+08,54,2.389e+09,139,2.605e+09,161,563100000,147,5.35e+08,178,"Sub-Saharan Africa",3.5,1.26,0.93,0.18,0.28,0.06,0.12
"38","Ethiopia",144,0.7,120171,40,57,82,2.5,22,110871031,12,19.8,197,31.03,29,5.8,169,-0.2,107,401,26,34.62,47,67.9,182,4.07,27,4.5,185,25.2,54,0,134,0,121,0,125,428000,98,0,143,74000,89,0,153,69970,67,2.492e+10,72,0,123,0,102,0,144,0,130,1104300,28,5.81,11,0,96,9.062e+09,100,1.115e+10,99,1.66e+08,78,0,146,2784000,99,3,207,0,88,86,11,11,75,580120,82,19118470,37,1095946,73,38147361,40,10.9,4,15.7,217,2.48972e+11,62,2221,210,33.2,27,10.5,13,52820000,12,17.5,184,35,106,13.9,203,-3.2,139,54.2,83,-6.551e+09,186,3.23e+09,132,1.559e+10,92,3.013e+09,110,2.727e+10,87,"Sub-Saharan Africa",3.86,0.79,0.92,0.42,0.44,0.27,0.1
"39","Finland",50,2.2,454000,16,148,37,0.26,174,5587442,115,42.8,31,10.49,184,10.33,30,2.46,42,3,177,2.15,222,81.55,33,1.74,160,22.2,80,17.2,83,0,138,0,125,236700,27,0,133,310600,40,217100,55,166200,34,122200,48,NA,NA,2.322e+09,49,4e+06,54,2.35e+09,81,0,134,338145,66,0.36,75,0,98,8.279e+10,35,6.654e+10,43,3.159e+09,43,2.211e+10,8,16270000,50,41,165,17,12,20,88,23,29,1797000,57,4922163,84,269000,114,7150000,106,1.15,168,1,65,2.68662e+11,60,48668,33,24.1,75,6.2,39,2520000,113,6.63,106,27.4,164,53.1,11,-0.6,64,61.3,72,-6.03e+08,127,1.19887e+11,41,1.20437e+11,41,1.051e+10,73,6.31549e+11,22,"Western Europe",7.74,1.84,1.57,0.7,0.86,0.14,0.55
"40","France",57,2.04,1053215,7,464,15,0.33,168,68084217,21,41.7,43,11.77,163,9.58,43,1.06,60,8,151,3.19,209,82.39,20,2.04,105,21.6,87,19.6,75,16000,71,0,126,1147000,9,65970000,75,1311000,15,1705000,13,440600,19,886800,8,8.41e+09,81,4.859e+10,10,6.031e+09,26,4.188e+10,24,16990000,90,643801,45,0.03,135,0,99,4.508e+11,10,5.291e+11,9,6.141e+10,3,1.99e+10,10,130800000,9,17,198,50,1,15,102,19,41,29760000,7,55265718,16,37797000,5,72040000,22,1.49,155,1.1,72,3.097061e+12,9,46184,37,23.4,80,2,130,27742000,19,8.12,129,31.6,142,53.8,10,-2.6,116,96.8,20,-1.8102e+10,197,9.69077e+11,5,1.021633e+12,5,1.564e+11,15,6.356459e+12,3,"Western Europe",6.61,1.82,1.35,0.73,0.65,0.11,0.28
"41","Gabon",79,1.6,14300,127,44,97,2.41,25,2284912,145,21,186,26.14,44,5.76,172,3.76,31,252,41,29.45,59,69.37,175,3.36,42,15,127,NA,NA,196000,35,214200,30,0,130,2e+09,34,16580,91,24000,129,4662,91,10680,146,2.832e+10,69,0,128,0,107,4.01e+08,101,4.01e+08,74,267667,78,2.6,26,0,100,2.071e+09,143,2.244e+09,137,0,137,3.44e+08,85,671000,137,51,148,0,93,49,41,0,185,22332,154,1313802,133,22291,173,2992811,140,0.5,185,2.4,125,3.248e+10,137,14950,111,25.6,66,1.8,135,557800,153,28,203,38,75,17.6,167,-1.9,101,62.7,68,-7.25e+08,135,1.08e+10,96,5.02e+09,137,981600000,133,6.49e+09,127,"Sub-Saharan Africa",5.11,1.4,1.04,0.34,0.52,0.05,0.1
"42","Georgia",45,2.3,20295,113,22,134,0.05,190,4933674,126,38.6,60,11.26,170,10.84,22,0.06,76,25,121,15.1,102,77.25,88,1.75,158,21.7,86,30.4,29,400,93,3006,68,2660,78,3.5e+07,80,247,106,27000,122,2052,104,28490,101,8.495e+09,80,2.294e+09,50,0,109,2.294e+09,83,7363000,95,69700,121,0.07,123,0.01,49,1.237e+10,87,1.324e+10,91,5.6e+08,66,1.329e+09,63,4641000,84,35,179,0,95,65,22,0,186,941509,73,3151218,97,518624,92,5384462,119,5,47,4.8,179,5.5776e+10,112,14992,110,22,92,6.7,34,686000,150,11.8,161,36.4,89,28.7,91,-3.8,153,44.9,116,-1.348e+09,156,3.566e+09,129,7.415e+09,120,3.039e+09,108,1.8149e+10,96,"Commonwealth of Independent States",5.19,1.47,0.99,0.52,0.68,0,0.17
"43","Germany",86,1.56,625000,12,539,12,-0.21,209,79903481,19,47.8,4,8.63,212,12.22,13,1.5,54,7,154,3.24,208,81.3,37,1.48,206,22.3,79,5.8,160,41000,56,6569,63,1836000,6,129600000,65,2158000,9,2460000,9,494000,17,883800,9,3.95e+10,64,1.195e+11,1,3.461e+10,11,9.336e+10,8,7.9e+09,45,357022,64,0.03,136,0.02,43,5.365e+11,6,6.128e+11,7,7.886e+10,1,2.834e+10,5,208500000,6,41,166,5,21,2,137,52,3,35071539,4,72202773,10,40400000,4,107200000,16,0.59,184,1.4,86,4.482448e+12,5,53919,25,28.5,46,3.3,95,44585000,14,4.98,76,31.9,140,45,22,1.3,25,63.9,61,2.80238e+11,1,2.004158e+12,3,1.804453e+12,3,2.001e+11,13,5.671463e+12,4,"Western Europe",6.72,1.87,1.39,0.7,0.7,0.17,0.37
"44","Ghana",159,0.4,109515,45,10,154,2.26,32,32372889,44,21.4,184,29.08,32,6.3,143,-0.17,104,308,36,33.33,52,69.01,179,3.71,31,10.9,136,9.1,133,173000,37,104000,34,6220,74,6.6e+08,41,2073,104,90000,83,2654,100,85110,59,2.265e+10,73,317400000,68,0,110,1.232e+09,87,914400000,68,238533,82,3.51,21,0,102,9.363e+09,99,1.252e+10,94,1.87e+08,76,5.11e+08,79,3801000,92,58,135,0,96,42,48,1,152,58518,135,10959964,49,288531,110,40857077,38,8.4,6,8.4,202,1.6464e+11,74,5413,170,20.9,102,16.7,2,12490000,45,11.9,163,43.5,39,20.3,149,-6,183,71.8,46,-2.131e+09,169,1.384e+10,87,1.265e+10,98,7.555e+09,81,2.0467e+10,93,"Sub-Saharan Africa",4.29,1.08,0.75,0.36,0.62,0.18,0.03
"45","Greece",36,2.68,117000,42,77,69,-0.34,218,10569703,88,45.3,9,7.72,222,12.05,14,0.97,61,3,178,3.61,196,81.28,40,1.39,216,24.9,54,35.2,20,4100,80,3229,67,484300,20,1e+07,90,655400,28,304100,43,371900,22,192200,35,991100000,100,4.984e+09,36,0,112,4.927e+09,61,8e+06,93,131957,97,0.01,148,0.04,32,5.689e+10,45,5.205e+10,53,1.037e+09,58,9.833e+09,27,19170000,46,57,137,0,98,14,105,29,18,4149146,35,7783381,61,4820898,30,11882081,76,1.87,145,0.2,28,3.19334e+11,55,29799,69,9.9,174,3.5,85,4e+06,90,17.3,183,34.4,114,48.8,17,0.8,36,181.8,2,-3.114e+09,175,9.2925e+10,48,9.4597e+10,48,7.807e+09,80,4.84888e+11,25,"Western Europe",5.93,1.68,1.28,0.7,0.34,0.02,0.09
"46","Guatemala",160,0.4,17621,119,291,23,1.62,61,17422821,67,23.2,178,22.79,55,4.94,198,-1.69,161,95,72,26.81,64,72.63,153,2.67,63,21.2,93,5,166,9600,78,9383,59,0,136,83070000,71,1162,105,89000,84,10810,80,97900,55,2.96e+09,94,0,134,0,116,0,154,0,141,108889,107,0.78,59,0,106,1.01e+10,96,1.212e+10,96,1.858e+09,47,7.47e+08,75,4605000,85,41,167,0,102,31,67,28,22,506000,85,10777827,50,1974006,56,20874130,60,2.8,104,3.7,159,1.43416e+11,78,8637,150,16.9,130,1.8,136,6664000,67,2.3,24,48.3,18,10.8,212,-1.3,85,24.7,175,1.134e+09,48,1.112e+10,94,1.711e+10,91,1.177e+10,71,2.292e+10,91,"Latin America and Caribbean",6.29,1.26,1.17,0.47,0.74,0.11,0.08
"47","Guinea",58,2,44301,85,16,143,2.76,14,12877894,76,19.1,205,35.86,15,8.28,76,0,85,576,14,50.99,20,63.53,206,4.89,12,7.7,158,1,181,0,145,0,133,0,137,0,141,0,153,19000,143,0,162,18460,128,0,143,0,135,0,117,0,155,0,142,245857,79,4.81,12,0,107,556100000,168,5.98e+08,162,0,144,0,156,550000,145,33,182,0,103,67,20,0,189,1250,192,2133974,121,0,222,12873000,74,8.2,7,9.4,209,3.272e+10,136,2562,204,4.3,185,11,9,5558000,73,2.7,31,33.7,123,16.6,178,-0.5,61,37.9,137,-7.05e+08,132,5.041e+09,117,7.924e+09,117,331800000,165,1.458e+09,160,"Sub-Saharan Africa",5.02,0.83,0.62,0.24,0.52,0.21,0.11
"48","Honduras",80,1.6,14742,126,103,53,1.22,81,9346277,95,24.4,165,18.19,83,4.67,202,-1.35,152,65,86,15.39,101,74.9,133,2.05,103,21.4,89,10.9,118,0,149,0,137,0,141,0,145,0,157,59000,97,12870,77,56120,75,0,147,0,139,0,121,0,159,0,146,112090,103,0.91,54,0,111,7.22e+09,107,8.501e+09,108,5.36e+08,67,1.95e+08,94,2546000,108,40,169,0,107,25,77,34,10,390377,95,2853505,101,490103,93,7559829,102,4.8,53,4.3,173,5.5825e+10,111,5728,168,22,93,4.5,65,3735000,95,5.6,89,52.1,10,20.3,150,-2.7,120,39.5,131,-3.8e+08,113,8.675e+09,105,1.132e+10,103,4.708e+09,96,9.137e+09,117,"Latin America and Caribbean",5.97,1.09,1.04,0.5,0.72,0.18,0.08
"49","Hungary",65,1.85,203601,27,41,103,-0.29,216,9728337,93,43.6,24,8.72,209,12.88,9,1.24,57,12,139,4.69,180,76.95,91,1.48,208,26.4,41,11.4,114,16000,72,2713,69,121000,40,2.4e+07,82,152400,59,167700,62,58720,50,82110,62,6.598e+09,83,1.337e+10,24,3.52e+09,34,1.039e+10,46,1.812e+09,60,93028,110,0.1,112,0.01,50,3.937e+10,56,3.022e+10,64,5.24e+09,34,1.795e+10,13,8639000,67,64,122,22,5,1,148,13,66,3189689,43,7474413,68,3048754,45,10272694,86,4.58,60,3.3,150,3.21869e+11,54,32945,63,27.8,49,7.4,29,4414000,85,3.45,48,30.6,147,44.5,23,-2,104,73.6,43,-3.92e+08,115,1.6799e+11,36,1.5963e+11,36,2.8e+10,52,1.23256e+11,48,"Central and Eastern Europe",6.02,1.72,1.53,0.6,0.58,0.12,0.07
"50","Iceland",NA,NA,12898,129,96,59,0.97,103,354234,177,37.1,74,13.12,139,6.56,134,3.09,36,4,173,1.66,225,83.45,7,1.96,116,21.9,83,8.7,141,0,151,0,139,0,143,0,147,0,159,20850,139,2530,101,20220,120,0,149,0,140,0,123,0,160,0,148,103000,108,0,173,0,113,1.768e+10,73,1.817e+10,80,0,148,0,160,2772000,100,4,206,0,109,71,16,25,28,139241,121,340117,163,125567,131,413446,176,1.94,142,3,147,2.0187e+10,152,55874,24,26,61,2.4,120,2e+05,170,3.62,51,26.8,166,42.4,31,1.5,22,40,126,1.496e+09,47,1.0415e+10,98,9.399e+09,112,6.567e+09,89,1.9422e+10,94,"Western Europe",7.53,1.88,1.62,0.72,0.82,0.26,0.18
"51","India",29,2.9,4699024,3,346,21,1.04,95,1339330514,2,28.7,141,17.53,90,7.1,116,-0.04,95,145,57,39.55,40,70.03,170,2.28,81,3.9,189,22.3,60,709000,25,0,140,4057000,3,4.495e+09,23,4897000,4,4521000,3,1305000,7,653300,11,1.29e+12,22,2.396e+10,14,76450000,50,5.543e+10,14,3.154e+10,25,3287263,8,0.14,103,1.15,4,1.137e+12,3,1.386e+12,3,5.15e+09,36,5.617e+09,35,367800000,3,71,104,2,26,12,111,16,52,19156559,11,446759327,2,21004534,12,1151480361,2,4.86,52,3.7,160,9.155083e+12,3,6700,160,29.1,42,5.5,49,521900000,2,8.5,131,35.7,98,9.2,215,-3.5,146,71.2,47,-2.9748e+10,199,5.72073e+11,12,6.24314e+11,10,4.098e+11,8,5.55388e+11,23,"South Asia",4.05,1.17,0.65,0.42,0.77,0.17,0.12
"52","Indonesia",145,0.7,496607,14,673,10,0.81,121,275122131,4,31.1,117,15.59,113,6.74,130,-0.72,133,177,52,20.16,84,72.82,152,2.04,106,6.9,162,13.5,105,772000,24,302300,27,498500,18,3.31e+09,28,950000,18,1601000,14,79930,47,591500,15,2.866e+12,12,0,141,2.978e+10,12,4.232e+10,23,7.209e+10,12,1904569,16,0.39,71,1.06,5,2.134e+11,20,2.354e+11,20,0,149,6.93e+08,76,61430000,19,85,71,0,110,9,118,6,98,10284364,17,104563108,7,9662135,18,341277549,4,5.03,45,2.8,142,3.196682e+12,7,11812,135,31,34,4.1,73,129366000,4,5.31,85,37.8,77,13,208,-2.7,121,28.8,166,-3.0359e+10,200,2.49628e+11,30,2.2344e+11,32,1.302e+11,19,3.93252e+11,31,"Southeast Asia",5.57,1.36,1.18,0.47,0.78,0.4,0.06
"53","Iran",18,3.8,223485,23,319,22,1.03,97,85888910,17,31.7,113,15.78,111,5.14,193,-0.3,117,16,135,15.1,103,75.06,127,1.93,121,25.8,47,27.7,37,4251000,6,750200,16,0,144,1.572e+11,4,1764000,11,1804000,12,397200,21,64160,72,3.372e+13,2,3.993e+09,40,1.164e+10,18,2.069e+11,4,2.145e+11,3,1648195,19,0.01,149,0.01,51,2.363e+11,17,2.723e+11,15,6.822e+09,28,4.221e+09,44,77600000,16,84,75,1,29,15,103,0,192,8771251,20,58117322,14,28954855,8,118061419,15,3.7,78,10,210,1.027238e+12,24,12389,129,37.9,16,3,103,30500000,18,11.8,162,40.8,56,17.3,170,-2.3,110,39.5,132,9.491e+09,25,1.014e+11,47,7.639e+10,53,1.206e+11,21,7.995e+09,122,"Middle East and North Africa",4.92,1.44,1.14,0.57,0.37,0.24,0.12
"54","Iraq",17,3.9,59623,77,102,55,2.06,38,39650145,36,21.2,185,25.21,46,3.92,217,-0.68,132,79,80,20.08,85,72.9,151,3.32,43,30.4,23,25.6,52,4613000,4,3092000,3,0,145,1.488e+11,5,398000,37,826000,26,8284,86,255100,28,3.82e+12,11,1.359e+09,56,0,124,2.633e+09,76,1.274e+09,63,438317,60,0,174,0,114,3.846e+10,57,7.545e+10,40,0,150,1.197e+10,20,27090000,34,91,55,0,111,9,119,0,193,4559053,34,18364390,38,2859094,46,37224759,42,-2.1,206,-0.1,17,4.27736e+11,48,10881,142,13.3,153,0.7,163,8900000,54,16,179,29.5,152,35.7,59,-4.2,160,59.7,74,4.344e+09,31,6.14e+10,58,3.947e+10,67,4.888e+10,41,7.302e+10,61,"Middle East and North Africa",5.17,1.25,1,0.5,0.43,0.14,0.05
"55","Ireland",164,0.27,99830,48,40,105,0.97,102,5224884,122,37.8,66,12.6,147,6.72,131,3.83,30,5,165,3.52,197,81.45,36,1.93,124,25.3,51,12.5,109,0,152,5900,64,66210,50,0,148,64970,76,153700,66,37040,59,126600,47,9.911e+09,79,1.642e+09,55,0,125,5.238e+09,55,3.511e+09,54,70273,120,0.01,150,0,115,2.568e+10,68,2.853e+10,69,1.583e+09,48,8.71e+08,71,9945000,61,65,117,0,112,2,138,33,11,1462549,66,4283516,92,1766937,59,5160309,120,5.86,32,0.9,60,4.28825e+11,47,86781,7,35.9,18,7.8,25,2289000,117,4.98,75,32.8,132,26,115,-0.3,53,68.6,53,-4.4954e+10,202,5.41789e+11,15,4.89957e+11,15,4.412e+09,99,2.829303e+12,9,"Western Europe",6.84,2.13,1.39,0.7,0.76,0.21,0.42
"56","Israel",6,5,19555,116,42,100,1.45,67,8787045,98,30.4,121,17.52,91,5.06,195,2.05,46,3,179,3.62,195,83.15,10,2.57,67,26.1,44,6.7,157,390,94,0,141,231600,28,12730000,87,294300,42,242200,52,111700,39,98860,54,1.76e+11,45,509700000,66,0,126,9.995e+09,49,9.826e+09,42,21937,152,0,176,0,116,5.5e+10,47,6.309e+10,46,5.2e+09,35,0,161,17590000,48,95,44,0,113,0,179,5,106,2481000,51,6873037,73,3140000,41,11700000,77,3.28,91,0.8,57,3.63448e+11,50,40145,47,24.7,73,3.5,86,3893000,91,3.81,57,39,68,26.5,110,-2,105,60.9,73,1.3411e+10,20,1.04992e+11,45,1.1623e+11,44,1.13e+11,23,9.9886e+10,56,"Middle East and North Africa",7.34,1.8,1.51,0.74,0.64,0.15,0.19
"57","Italy",99,1.39,487700,15,129,44,0.09,187,62390364,23,46.5,5,8.37,216,10.7,24,3.21,34,2,182,3.14,210,82.67,17,1.47,209,19.9,108,29.2,33,90000,44,13790,57,1341000,7,487800000,45,1607000,12,1236000,19,615900,13,422500,19,3.811e+10,65,6.966e+10,5,271800000,44,7.515e+10,11,5.55e+09,50,301340,73,0.01,151,0,117,2.935e+11,13,2.753e+11,14,6.155e+09,30,4.318e+10,2,114200000,10,54,143,0,114,14,106,32,13,17470489,12,46305301,19,19519434,14,79480756,21,0.34,188,0.6,47,2.562135e+12,11,42492,42,21,101,2.1,128,22920000,24,9.88,146,35.9,97,46.6,20,-2.3,111,131.8,5,5.9517e+10,10,6.8734e+11,8,6.47058e+11,8,1.512e+11,16,2.463208e+12,10,"Western Europe",6.32,1.8,1.33,0.72,0.51,0.11,0.07
"58","Jamaica",81,1.6,22121,110,28,121,0.06,189,2816602,140,29.4,131,16.03,107,7.42,102,-7.98,219,80,79,11.42,128,75.49,119,2.06,102,24.7,55,20.6,68,0,153,0,142,24360,61,0,149,24250,87,55000,99,823,109,30580,100,0,150,198200000,71,0,127,198200000,104,0,149,10991,166,0.15,101,0,118,2.847e+09,137,4.007e+09,128,0,151,0,162,1078000,126,83,76,0,115,3,134,15,58,317907,103,1548618,130,398048,102,3023873,139,0.7,181,3.9,164,2.8779e+10,140,9762,145,22,94,0.9,162,1113000,138,7.72,121,35,107,29.7,81,0.5,37,101,16,-2.98e+08,107,5.114e+09,116,7.314e+09,122,3.781e+09,100,1.3876e+10,104,"Latin America and Caribbean",5.84,1.28,1.32,0.57,0.65,0.09,0.03
"59","Japan",125,1,1218772,6,175,32,-0.37,221,124687293,11,48.6,2,7,224,11.44,18,0.75,64,5,166,1.92,223,84.65,4,1.38,218,4.3,186,3.8,171,3200,82,0,143,3208000,4,44120000,77,3467000,5,3894000,4,370900,24,1100000,5,2.09e+10,74,1.166e+11,2,169900000,47,1.272e+11,5,3.058e+09,57,377915,63,0.02,141,0,119,9.437e+11,4,9.893e+11,5,0,152,0,163,295900000,4,71,105,1,30,8,121,20,37,42502489,3,106725643,6,62743196,3,186514109,7,0.7,183,0.4,39,5.231066e+12,4,41429,44,27.8,50,1.4,145,66540000,8,2.36,26,32.9,131,35.2,63,-3.5,147,237.6,1,1.85644e+11,2,1.084146e+12,4,1.032112e+12,4,1.264e+12,2,4.254271e+12,7,"East Asia",6.06,1.79,1.35,0.79,0.63,0.02,0.22
"60","Jordan",9,4.7,7203,141,18,139,0.82,119,10909567,85,23.5,175,22.79,56,3.44,221,-11.17,224,46,96,14.25,109,75.75,115,3,50,35.5,13,37.3,16,22,99,0,144,67980,49,1e+06,96,67240,73,139000,69,0,166,68460,68,6.031e+09,87,6.456e+09,31,1.359e+09,38,5.238e+09,56,121800000,80,89342,112,0.02,142,0,120,1.682e+10,74,1.86e+10,77,5e+07,88,3.34e+08,86,4764000,82,87,62,0,116,0,180,12,73,457496,89,6985174,71,355537,104,7778770,99,2,137,0.3,33,1.01738e+11,89,10071,144,15.8,137,1.4,146,731000,149,19.1,187,33.7,124,23.6,124,-5.1,170,95.9,22,-1.222e+09,152,1.3109e+10,89,1.9669e+10,83,1.556e+10,67,3.2088e+10,81,"Middle East and North Africa",4.19,1.26,0.98,0.59,0.59,0.06,0.19
"61","Kazakhstan",120,1.1,95409,51,96,60,0.81,122,19245793,64,31.6,114,15.87,108,8.14,83,0.39,70,10,146,19.59,88,72.25,155,2.13,95,21,94,3.8,172,1856000,12,1409000,9,1480,79,3e+10,11,290700,44,274000,46,105900,41,39120,90,2.407e+12,14,5.748e+09,34,1.28e+10,17,1.537e+10,43,2.241e+10,30,2724900,10,0,177,0.99,6,9.423e+10,33,1.008e+11,35,5.1e+09,37,1.318e+09,64,20150000,44,86,66,0,117,14,107,1,154,2511100,50,14789448,44,3072500,44,25717700,49,6.13,27,5.2,184,4.87868e+11,43,26351,78,26.6,55,5.8,45,8685000,56,4.8,71,27.5,162,22.3,134,-1.8,98,20.8,187,-7.206e+09,189,7.6455e+10,54,6.9117e+10,55,3.075e+10,50,1.59351e+11,46,"Commonwealth of Independent States",6.19,1.62,1.46,0.56,0.73,0.15,0.12
"62","Kenya",103,1.3,177800,31,197,28,2.15,37,54685051,27,20,195,26.78,41,5.09,194,-0.2,108,342,32,28.81,61,69.32,177,3.36,41,7.1,161,7.4,151,0,154,0,145,12550,71,0,150,13960,96,109000,76,173,118,90620,57,0,151,0,142,0,128,0,161,0,150,580367,51,1.3,47,0,121,7.863e+09,104,9.634e+09,105,39100000,89,1.84e+08,95,2401000,109,33,183,0,118,34,62,33,12,491183,87,9129243,57,70394,151,54555497,29,5.39,38,5.1,182,2.27638e+11,64,4330,181,8,178,3.6,82,19600000,27,40,215,40.8,57,17.6,168,-6.7,190,54.2,84,-5.7594e+10,204,1.0078e+10,100,1.8729e+10,87,7.354e+09,83,2.9289e+10,86,"Sub-Saharan Africa",4.47,1.04,0.9,0.35,0.52,0.28,0.07
"64","Kuwait",7,5,5749,145,7,169,1.2,83,3032065,137,29.7,127,17.9,84,2.23,227,-3.65,188,12,140,7.6,158,78.9,65,2.25,84,37.9,11,15.4,94,2807000,9,479700,21,0,148,1.015e+11,6,915800,22,446000,34,705500,11,0,211,1.784e+12,19,5.125e+09,35,0,133,2.172e+10,36,1.71e+10,34,17818,157,0,179,0,124,5.778e+10,44,6.595e+10,44,0,156,0,167,18890000,47,100,10,0,122,0,182,0,195,84595,127,2904801,99,583463,90,7327028,104,-3.3,214,1.5,89,2.09738e+11,67,49854,31,40.8,11,2.8,109,2695000,111,1.1,12,NA,NA,41.8,32,-10,210,20.6,188,7.127e+09,28,8.4825e+10,51,5.4556e+10,58,3.37e+10,48,4.724e+10,71,"Middle East and North Africa",6.95,1.85,1.36,0.66,0.83,0.2,0.17
"65","Kyrgyzstan",89,1.5,34000,94,28,122,0.9,113,6018789,112,27.3,147,20.06,74,6.18,150,-4.91,199,60,89,26.26,67,72.07,161,2.52,70,16.6,121,9.6,130,1000,92,0,150,4480,77,4e+07,79,6996,102,37000,114,2290,103,34280,96,5.663e+09,89,169900000,74,0,134,186900000,106,28320000,88,199951,87,0.01,153,0.21,21,1.052e+10,94,1.304e+10,93,1.84e+08,77,3.31e+08,87,4046000,87,24,190,0,123,76,13,0,196,269091,107,2222732,117,298855,109,8622565,95,4.6,59,1.1,73,3.3918e+10,134,5253,172,19.5,110,10.9,10,2841000,106,3.18,44,27.7,160,28.7,92,-3.2,140,56,79,-3.06e+08,109,2.742e+09,136,5.477e+09,133,2.177e+09,120,8.372e+09,120,"Commonwealth of Independent States",5.71,1.05,1.48,0.59,0.83,0.23,0.03
"66","Laos",165,0.2,39586,90,41,104,1.46,66,7574356,101,24,170,22.74,57,7.12,115,-0.99,144,185,50,49.48,25,66,195,2.57,68,5.3,179,18.2,80,0,159,0,151,0,149,0,154,0,162,18000,146,0,169,17460,132,0,155,0,146,0,135,0,165,0,154,236800,84,1.48,44,NA,NA,5.471e+09,120,2.974e+10,66,8.469e+09,24,2.5e+09,53,6940000,75,28,186,0,124,72,15,1,156,45379,140,1845437,124,1490831,64,4362183,127,6.9,19,0.8,58,5.611e+10,110,7826,153,22.7,87,8,23,3582000,99,0.7,4,36.4,90,18.3,161,-5.5,172,63.6,64,-2.057e+09,167,3.654e+09,128,4.976e+09,140,1.27e+09,128,1.49e+10,103,"Southeast Asia",5.14,1.21,0.85,0.42,0.8,0.17,0.17
"67","Latvia",48,2.27,70244,70,42,101,-1.1,233,1862687,153,44.4,16,8.96,205,14.63,2,-5.32,205,19,124,4.93,178,75.65,116,1.54,195,23.6,65,12.4,111,0,160,0,152,0,150,0,155,0,163,44600,111,16180,72,54370,77,0,156,1.246e+09,58,0,136,1.218e+09,88,0,155,64589,124,0.85,56,0,125,6.798e+09,109,6.241e+09,115,3.795e+09,38,4.828e+09,39,2932000,98,39,173,0,125,53,33,8,86,508894,84,1607711,129,227616,121,2071814,149,2.08,133,2.8,143,5.9102e+10,108,30898,67,21.7,95,10.6,12,885000,142,6.14,100,35.6,101,37.5,54,-0.5,62,36.3,147,-2.22e+08,102,2.0444e+10,80,2.2049e+10,78,4.614e+09,97,4.0164e+10,75,"Central and Eastern Europe",6.23,1.7,1.51,0.56,0.67,0.13,0.08
"68","Lebanon",12,4.2,21705,111,8,160,0.68,138,5261372,121,33.7,95,13.35,137,5.57,178,-0.95,141,29,112,7.2,161,78.53,68,1.71,167,32,19,23.4,59,0,161,0,153,0,151,0,156,0,164,154000,65,0,170,151100,41,0,157,0,147,0,137,0,166,0,156,10400,168,0,180,0,126,1.571e+10,77,1.759e+10,82,0,157,6.9e+07,104,2346000,110,88,59,0,126,11,114,1,157,420000,93,4769039,85,882175,78,4237962,128,1.5,154,2.8,144,9.9761e+10,91,14552,116,-3.1,189,-21.1,201,2166000,120,9.7,144,31.8,141,21.5,136,-6.9,193,146.8,4,-1.237e+10,195,3.524e+09,130,1.834e+10,89,5.542e+10,37,3.3077e+10,80,"Middle East and North Africa",2.71,1.38,0.58,0.56,0.17,0.07,0.03
"69","Lesotho",90,1.5,5940,144,24,130,0.73,134,2177740,147,24.7,164,23.3,50,11.41,19,-4.59,196,544,17,50.23,23,58.9,221,2.95,51,16.6,122,34.4,22,0,162,0,154,0,152,0,157,0,165,5000,179,0,171,5118,170,0,158,0,148,0,138,0,167,0,157,30355,141,3.34,22,0,127,847300000,160,5.1e+08,165,0,158,3.73e+08,84,80400,184,0,213,0,127,100,1,1,158,6329,178,569114,149,13426,186,1583192,156,-1.6,204,5.3,185,5.747e+09,173,2704,201,25.8,63,12.5,6,930800,141,28.1,204,44.9,30,39.7,43,-6,184,33.7,155,-1.02e+08,87,1.106e+09,157,2.613e+09,160,657700000,143,8.68e+08,166,"Sub-Saharan Africa",3.19,0.77,0.85,0,0.52,0.08,0.09
"70","Liberia",155,0.5,10600,135,29,116,2.74,15,5214030,123,18,215,36.96,11,6.78,129,-2.82,176,661,10,45.98,30,65.1,201,4.84,13,9.9,141,2.3,176,0,163,0,155,0,153,0,158,0,166,8000,164,0,172,8181,152,0,159,0,149,0,139,0,168,0,158,111369,104,13.27,2,0,128,2.79e+08,187,3e+08,184,0,159,0,168,151000,173,57,138,0,128,43,46,0,197,8000,175,383819,159,8394,194,2793316,143,2.5,111,12.4,212,7.049e+09,170,1428,222,-58.3,191,9,19,1677000,125,2.8,34,35.3,104,16.9,174,-4.3,161,34.4,154,-6.27e+08,129,3.3e+08,184,1.82e+09,174,459800000,154,8.26e+08,168,"Sub-Saharan Africa",4.27,0.62,0.67,0.3,0.55,0.18,0.08
"72","Lithuania",53,2.13,84166,60,61,80,-1.04,231,2711566,141,44.5,15,9.42,195,15.05,1,-4.75,198,5,167,3.66,193,75.61,117,1.61,183,26.3,43,11.9,113,2000,87,1002,75,182900,32,1.2e+07,88,196500,51,58000,98,174800,32,42490,87,0,160,2.492e+09,47,0,140,2.492e+09,79,0,159,65300,123,0.31,80,0,130,1.05e+10,95,3.131e+09,131,7.3e+08,62,1.111e+10,22,3710000,93,73,100,0,130,4,132,23,30,791826,76,2226806,116,368213,103,4658823,124,4.33,64,2.3,122,1.03756e+11,87,37231,52,20.8,103,5.9,43,1333000,130,8.4,130,37.3,82,33.7,65,0.5,38,39.7,129,1.817e+09,42,4.5358e+10,63,4.3733e+10,65,4.45e+09,98,3.7859e+10,78,"Central and Eastern Europe",6.82,1.77,1.45,0.6,0.53,0.04,0.12
"73","Luxembourg",153,0.57,2875,165,2,200,1.7,57,639589,168,39.5,56,11.62,165,7.26,107,12.65,6,5,168,3.3,204,82.78,16,1.63,181,22.6,74,17,85,0,164,0,156,0,155,0,159,0,167,59850,96,0,173,59020,73,0,161,792800000,63,0,141,792800000,96,0,160,2586,178,0.01,154,0,131,6.475e+09,111,334500000,178,1.42e+09,51,7.718e+09,30,1709000,118,25,189,0,131,8,122,67,1,230100,108,587955,148,267400,115,835900,163,2.31,120,1.7,97,7.0966e+10,106,114482,4,16.7,133,1.9,134,476000,156,5.36,87,34.9,109,44.4,24,1.5,23,23,183,3.254e+09,33,1.3361e+11,38,1.11287e+11,46,8.78e+08,137,4.266792e+12,6,"Western Europe",7.12,2.14,1.36,0.71,0.8,0.15,0.43
"74","Madagascar",152,0.6,31640,96,83,66,2.31,30,27534354,53,20.3,193,29.22,31,6.09,153,0,86,335,33,39.82,39,67.86,183,3.7,32,5.3,180,3.4,173,0,167,0,158,0,158,0,162,0,170,18000,147,0,175,18880,125,0,164,0,151,0,144,0,169,0,163,587041,49,4.34,17,0,133,1.587e+09,147,1.706e+09,142,0,163,0,169,675400,136,74,97,0,134,24,80,2,140,27211,147,2516994,109,68426,152,10677153,84,4.2,69,5.6,191,4.4419e+10,118,1647,217,18.2,122,5.2,54,13400000,40,1.8,18,42.6,44,15.9,185,-2.7,123,36,148,-3.5e+07,77,5.272e+09,115,5.855e+09,132,1.6e+09,124,3.085e+09,142,"Sub-Saharan Africa",4.23,0.63,0.82,0.33,0.25,0.17,0.12
"75","Malawi",131,0.9,15452,123,32,112,2.39,26,20308502,62,16.8,221,28.59,35,4.66,203,0,87,349,31,34.19,49,72.16,157,3.51,39,5.8,173,40.5,8,0,168,0,159,0,159,0,163,0,171,6000,171,0,176,4769,173,0,165,0,152,0,145,0,170,0,164,118484,100,6.19,10,0.03,35,1.321e+09,150,1.42e+09,144,0,164,0,170,375000,152,1,212,0,135,93,7,6,99,11358,167,2734305,103,13101,187,8901027,94,4,74,9.3,207,1.9741e+10,155,1060,226,11,169,1.2,150,7e+06,64,20.4,191,44.7,31,21.7,135,-3.4,144,59.2,75,-5.91e+08,125,1.0718e+10,97,1.2818e+10,97,780200000,140,2.102e+09,152,"Sub-Saharan Africa",3.42,0.62,0.41,0.35,0.57,0.14,0.14
"76","Malaysia",132,0.9,144403,35,114,50,1.06,91,33519406,43,29.2,134,14.72,120,5.66,176,1.49,55,29,113,6.7,164,75.87,112,1.76,154,15.6,125,10.5,120,647000,26,326200,24,166000,35,3.6e+09,27,528300,32,704000,28,208400,31,304600,24,1.183e+12,23,2.803e+09,45,3.823e+10,9,3.044e+10,31,6.949e+10,13,329847,68,1.57,40,0.02,44,1.369e+11,26,1.483e+11,28,3e+06,93,3.3e+07,109,3.3e+07,31,78,90,0,136,18,95,4,112,2964500,45,25829444,30,7446300,22,44600700,34,4.31,65,0.6,48,9.06239e+11,29,28364,74,26.2,59,5,55,15139000,35,3.3,46,41,55,16.4,180,-3,133,54.1,86,1.2295e+10,23,2.65499e+11,29,2.33719e+11,30,1.024e+11,25,2.24596e+11,36,"Southeast Asia",5.98,1.65,1.14,0.54,0.83,0.23,0.12
"77","Mali",35,2.7,139107,38,25,127,2.97,10,20137527,63,16,224,41.6,3,8.77,65,-3.17,180,562,15,62.31,12,62.01,211,5.63,4,8.6,149,2.4,175,0,170,0,161,0,161,0,165,0,173,22000,134,0,178,20610,119,0,167,0,154,0,147,0,172,0,166,1240192,25,2.02,35,0,135,2.982e+09,136,2.489e+09,136,0,166,8e+08,73,590000,140,68,113,0,138,31,68,1,159,142522,119,2395886,111,242241,119,22925482,52,5.4,34,1.9,108,4.5637e+10,117,2322,206,15.6,141,6.3,37,6447000,69,7.9,123,40.1,62,20,153,-2.9,128,35.4,150,-8.86e+08,141,3.06e+09,134,3.644e+09,148,647800000,144,4.192e+09,138,"Sub-Saharan Africa",4.23,0.75,0.69,0.27,0.59,0.12,0.09
"78","Malta",156,0.5,2254,169,1,227,0.75,130,460891,174,42.3,35,9.84,191,8.37,73,6.04,16,6,161,4.62,182,83,13,1.5,203,28.9,28,9.1,134,0,171,0,162,0,162,0,166,0,174,45000,110,10400,81,52290,79,0,168,311500000,69,0,148,283200000,102,0,167,316,208,0,184,0,136,2.122e+09,142,8.13e+08,156,0,167,1.525e+09,61,575100,142,81,80,0,139,0,186,19,42,202513,112,365521,161,256838,117,634386,167,4.94,49,1.6,94,2.2133e+10,148,44032,39,27.5,53,-3.3,189,223000,166,0.78,5,29.2,154,40.4,38,3.9,9,50.7,99,1.561e+09,46,2.3868e+10,76,2.194e+10,79,8.33e+08,139,9.8179e+10,57,"Western Europe",6.35,1.83,1.44,0.71,0.73,0.25,0.13
"79","Mauritania",31,2.8,12253,131,30,114,2.02,40,4079284,128,21,187,28.49,36,7.54,101,-0.74,135,766,7,52.05,19,64.86,204,3.59,36,12.7,132,21.1,65,4000,81,5333,65,0,164,2e+07,83,0,176,17000,150,0,180,17290,133,2.832e+10,70,0,156,0,150,0,174,0,169,1030700,30,1.3,48,0,137,1.059e+09,154,1.139e+09,147,0,169,0,173,558000,144,65,118,0,141,16,100,20,38,10815,169,798809,145,61858,154,4710800,123,3.5,85,2.2,120,2.352e+10,147,5197,174,33.5,25,1,157,1437000,129,10.2,150,32.6,137,27.4,100,-0.8,69,96.6,21,-7.11e+08,133,3.21e+08,185,3.18e+08,204,8.75e+08,138,4.15e+09,139,"Sub-Saharan Africa",4.51,1.08,0.71,0.4,0.34,0.13,0.2
"80","Mauritius",166,0.2,2428,168,5,180,0.52,155,1386129,156,36.3,80,12.44,151,7.23,109,0,88,61,87,10.82,134,76.7,97,1.73,163,10.8,137,21.8,62,0,173,0,164,0,165,0,168,0,177,27000,123,0,181,26960,102,0,169,0,157,0,151,0,175,0,170,2040,180,0,186,0,138,2.726e+09,140,2.898e+09,134,0,170,0,174,894000,132,79,86,0,142,7,126,14,61,307200,105,799470,144,458700,98,1866600,153,3.8,77,0.4,41,2.8947e+10,139,22870,85,18.5,119,3.2,98,554000,154,6.65,107,36.8,84,22.5,133,-0.3,54,64,60,-8.75e+08,139,2.36e+09,142,4.986e+09,139,5.984e+09,92,2.26799e+11,35,"Sub-Saharan Africa",5.82,1.57,1.36,0.49,0.64,0.12,0.12
"81","Mexico",157,0.5,398148,18,1714,3,1.04,94,130207371,10,29.3,132,17.29,92,5.41,183,-1.46,156,33,108,11.64,124,76.94,92,2.17,91,28.9,29,7.2,154,1852000,13,1214000,11,0,166,6.63e+09,19,844600,23,1984000,11,155800,35,867500,10,2.798e+11,38,5.012e+10,8,36810000,51,8.161e+10,9,3.157e+10,24,1964375,15,0.1,113,0.03,36,2.587e+11,14,3.027e+11,13,7.308e+09,27,3.532e+09,47,72560000,17,71,106,2,27,17,96,9,81,19354980,10,82843369,9,22717180,11,122040789,14,-0.3,197,3.6,156,2.525481e+12,12,19796,90,23.7,78,-0.6,174,50914000,13,3.49,49,36.8,85,22.7,131,-1.1,83,54.3,82,-4.351e+09,181,4.91593e+11,17,4.80886e+11,16,1.753e+11,14,4.56713e+11,29,"Latin America and Caribbean",6.68,1.52,1.24,0.54,0.72,0.09,0.13
"82","Moldova",161,0.4,9352,136,7,170,-1.1,232,3323875,133,37.7,68,10.45,185,12.46,12,-8.95,220,19,125,11.83,122,72.16,158,1.58,189,18.9,115,10.4,121,0,175,0,166,20,83,0,170,232,107,18000,148,275,116,18160,130,NA,NA,2.52e+09,46,0,152,2.52e+09,78,11330000,92,33851,139,0.26,87,0,139,4.4e+09,125,5.49e+09,118,0,172,4e+06,116,515000,148,86,67,0,144,12,112,2,141,670530,79,2616792,108,1071514,74,3613846,136,4.5,62,4.8,180,3.468e+10,132,13050,123,16.8,132,3,104,1295000,131,4.99,77,25.7,168,30.2,77,-0.6,65,31.5,163,-6.02e+08,126,3.985e+09,124,7.113e+09,124,2.803e+09,111,7.232e+09,124,"Commonwealth of Independent States",5.82,1.39,1.28,0.54,0.7,0.08,0.04
"83","Mongolia",146,0.7,113200,44,44,98,0.93,108,3198913,134,29.8,126,16.32,103,6.28,146,-0.78,137,45,97,20.6,80,71.08,166,1.93,123,20.6,96,25.3,53,20000,66,14360,56,0,168,NA,NA,0,179,27000,124,0,183,24190,109,0,171,0,158,0,153,0,176,0,172,1564116,20,0.14,104,8.62,1,5.932e+09,115,5.339e+09,120,5.1e+07,87,1.446e+09,62,1134000,125,87,63,0,145,2,140,11,78,317317,104,735823,147,351361,105,4418919,125,5.1,44,4.6,178,3.9723e+10,125,12317,130,23.7,79,-1,176,1241000,132,8,125,32.7,135,26.6,106,-6.4,187,91.4,24,-1.155e+09,149,7.012e+09,111,5.875e+09,131,3.016e+09,109,2.9945e+10,84,"East Asia",5.7,1.35,1.51,0.4,0.5,0.24,0.06
"84","Montenegro",72,1.72,7762,139,5,181,-0.4,223,607414,171,39.6,54,11.35,168,10.37,28,-4.95,201,6,162,3.29,206,77.51,85,1.82,146,23.3,66,25.2,55,0,176,0,167,0,169,0,171,0,180,6000,172,357,114,6448,163,0,172,0,159,0,154,0,177,0,173,13812,161,0.43,70,0.12,25,2.808e+09,138,3.045e+09,132,9.14e+08,59,1.21e+09,65,890000,133,23,192,0,146,69,18,8,87,178781,116,439311,155,188175,123,1150998,160,4.3,67,0.3,35,1.3357e+10,158,21470,89,16.9,131,-4.2,194,167000,174,15.82,178,39,69,37.2,55,-5.6,175,67.2,55,-7.8e+08,137,422200000,180,2.618e+09,159,1.077e+09,131,2.516e+09,148,"Central and Eastern Europe",5.71,1.57,1.32,0.59,0.63,0.11,0.13
"85","Morocco",25,3.1,57300,80,62,79,0.92,110,36561813,40,29.1,137,17.58,88,6.53,135,-1.83,166,70,84,19,92,73.56,147,2.29,79,26.1,45,22.2,61,160,98,0,169,61160,53,684000,97,66230,74,278000,44,9504,83,229300,30,1.444e+09,97,1.133e+09,61,0,156,1.218e+09,89,87780000,82,716550,41,0.13,106,0,140,2.825e+10,64,2.875e+10,68,1.65e+08,79,5.289e+09,37,8303000,68,68,114,0,148,16,101,15,59,1751341,59,22596729,33,2054545,54,46666722,33,2.5,110,0.2,30,2.79295e+11,57,7515,156,27.8,51,2.8,110,10399000,49,9.23,141,39.5,66,20.9,144,-3.6,150,65.1,58,-5.075e+09,184,4.8565e+10,62,6.412e+10,56,2.627e+10,53,5.2957e+10,65,"Middle East and North Africa",4.8,1.21,0.47,0.5,0.63,0.04,0.08
"86","Mozambique",133,0.9,31083,97,98,57,2.58,16,30888034,46,17,219,38.03,10,10.59,26,-1.62,160,289,39,63.03,10,56.49,224,4.89,11,7.2,160,7.4,152,0,178,0,170,0,171,0,173,0,182,26000,128,0,185,25130,107,2.832e+12,13,0,161,4.162e+09,32,1.841e+09,84,6.003e+09,47,799380,36,6.46,9,4.17,2,1.157e+10,90,1.839e+10,79,1.288e+10,16,9.928e+09,25,2626000,102,16,199,0,149,83,12,1,160,69975,131,2855670,100,80791,143,14773364,68,3.11,95,2.7,137,3.891e+10,126,1281,223,17.8,124,4.9,61,12900000,42,24.5,197,54,6,26.7,105,-5.6,176,102.1,15,-3.025e+09,172,3.349e+09,131,7.371e+09,121,3.361e+09,106,1.091e+10,112,"Sub-Saharan Africa",5.22,0.56,0.88,0.16,0.73,0.16,0.2
"87","Namibia",26,3,48875,83,112,51,1.83,50,2678191,142,21.8,183,25.33,45,7.07,117,0,90,195,48,30.38,57,65.87,197,3.03,48,17.2,119,38,14,0,179,0,171,0,172,0,174,0,183,27000,125,80,120,26270,105,6.229e+10,60,0,162,0,157,0,179,0,175,824292,35,0.47,68,0,141,3.891e+09,128,1.403e+09,145,8.8e+07,83,3.073e+09,50,535500,146,28,187,0,150,64,26,8,88,63314,133,1291944,134,139698,125,2823655,142,-1.56,203,3.7,162,2.404e+10,146,9637,146,8.6,176,-0.4,171,956800,140,34,211,59.1,2,32.2,68,-5.5,173,41.3,121,-2.16e+08,101,6.087e+09,112,9.921e+09,110,2.432e+09,115,7.969e+09,123,"Sub-Saharan Africa",4.83,1.27,1.21,0.31,0.47,0.07,0.06
"88","Nepal",82,1.6,27990,100,47,92,0.81,123,30424878,48,25.3,161,17.78,87,5.57,179,-4.12,192,186,49,25.73,69,72.12,160,1.93,122,4.1,187,21.4,64,0,181,0,173,0,174,0,176,0,185,27000,126,0,187,26120,106,0,175,0,164,0,159,0,181,0,177,147181,95,0.45,69,0,142,4.983e+09,124,4.244e+09,125,2690000,94,2.175e+09,57,943100,130,5,203,0,152,92,10,3,127,791961,75,10103980,52,855926,80,41880311,36,7.9,8,4.5,177,9.7749e+10,93,3417,192,48.9,4,12.4,7,16810000,32,3,38,32.8,133,23.8,122,-0.1,48,26.4,171,-9.3e+07,85,818700000,168,1e+10,107,9.091e+09,76,5.849e+09,129,"South Asia",5.16,0.97,0.99,0.44,0.65,0.21,0.12
"89","Netherlands",93,1.49,139124,37,29,117,0.37,163,17337403,69,42.8,32,10.98,177,9.22,53,1.9,48,5,169,3.45,201,81.95,27,1.78,150,20.4,99,6.7,158,18000,67,7984,62,1094000,10,81130000,72,1282000,17,954500,23,2406000,3,2148000,3,8.014e+11,26,5.1e+10,7,5.125e+10,8,4.338e+10,21,4.533e+10,17,41543,134,0.01,155,0,143,1.088e+11,32,1.093e+11,33,1.934e+10,8,2.426e+10,7,34170000,29,75,95,1,31,0,189,23,31,7459000,25,16243928,41,5560000,25,21762000,55,1.63,150,2.6,132,9.86847e+11,27,56935,21,31.2,33,3.3,96,8907000,53,3.41,47,28.5,159,43.4,27,1.1,32,56.5,78,9.0207e+10,4,8.57574e+11,7,7.5565e+11,7,3.844e+10,46,4.345413e+12,5,"Western Europe",7.32,1.9,1.46,0.71,0.73,0.25,0.37
"90","New Zealand",91,1.5,94000,53,123,47,1.28,76,4991442,125,37.2,73,12.83,143,6.91,122,6.89,14,9,148,3.5,199,82.33,23,1.87,136,30.8,22,11.3,115,24000,64,26440,48,108900,43,51800000,76,115100,65,169100,61,1782,106,56000,76,3.37e+10,67,0,166,0,161,5.182e+09,57,5.097e+09,51,268838,77,0.5,65,0.03,37,3.95e+10,55,4.253e+10,56,0,176,0,179,9301000,63,23,193,0,154,58,29,20,39,1647000,61,4340672,91,1801645,58,6550687,109,2.22,127,1.6,95,2.10877e+11,66,42888,40,21.4,97,1.8,137,2709000,109,4.13,63,36.2,92,36.8,56,1.6,21,31.7,162,-6.962e+09,187,5.6219e+10,59,6.3622e+10,57,2.068e+10,58,1.90621e+11,41,"North America and ANZ",7.03,1.81,1.53,0.67,0.75,0.23,0.48
"91","Nicaragua",147,0.7,23897,107,147,38,0.93,107,6243931,110,27.3,148,16.71,96,5.16,191,-2.27,170,198,47,19.57,89,74.51,135,1.81,147,23.7,63,8.5,146,0,183,0,175,16180,69,0,178,14720,95,37000,115,460,111,20120,121,0,177,0,167,0,162,0,183,0,179,130370,98,1.26,49,0,144,3.59e+09,132,4.454e+09,124,17870000,91,2.05e+08,93,1551000,123,56,139,0,155,9,120,35,8,217618,109,1695340,126,228782,120,5788432,115,4.9,50,5.3,186,3.5392e+10,130,5407,171,22.6,88,3.5,88,3046000,103,6.4,101,46.2,23,28,97,-2,106,33.3,157,-6.94e+08,131,3.819e+09,127,6.613e+09,126,2.758e+09,113,1.1674e+10,109,"Latin America and Caribbean",6.28,1.1,1.26,0.54,0.79,0.13,0.25
"92","Niger",70,1.8,18949,118,30,115,3.65,4,23605767,56,14.8,227,47.28,1,10.09,33,-0.66,129,509,20,68.12,4,59.7,219,6.91,1,5.5,177,16.6,89,9000,79,0,176,0,176,1.5e+08,61,15280,94,14000,156,5422,90,3799,180,0,178,0,168,0,163,0,184,0,180,1267000,23,4.41,16,0.03,38,1.065e+09,153,494700000,167,0,177,7.79e+08,74,184000,168,95,45,0,156,0,190,5,107,8650,174,1110778,137,116352,136,8921769,92,4.9,51,-2.5,2,2.8544e+10,141,1225,224,22.1,91,6,41,6500000,68,0.3,3,34.3,115,21.4,140,-5,169,45.3,115,-1.16e+09,150,1.525e+09,150,2.999e+09,152,1.314e+09,126,3.728e+09,140,"Sub-Saharan Africa",4.56,0.57,0.68,0.29,0.62,0.15,0.15
"93","Nigeria",158,0.5,195000,29,54,87,2.53,19,219463862,6,18.6,207,34.38,19,8.89,60,-0.21,110,917,4,58.23,14,60.87,217,4.67,16,8.9,145,18.3,78,1989000,11,2096000,6,0,177,3.745e+10,10,35010,83,325000,41,2332,102,223400,31,5.475e+12,8,0,169,2.721e+10,13,1.724e+10,41,4.448e+10,18,923768,33,1.02,53,0,145,2.472e+10,69,2.935e+10,67,0,178,0,180,10520000,58,80,83,0,157,19,91,0,202,83360,128,85450052,8,107154,137,184592255,8,0.8,178,11.3,211,1.032048e+12,23,5136,176,23.2,83,2.2,126,60080000,10,16.5,181,35.1,105,3.4,220,-1.8,99,21.8,185,1.038e+10,24,3.4545e+10,66,3.267e+10,69,3.877e+10,45,2.6847e+10,88,"Sub-Saharan Africa",4.88,1.04,1.08,0.26,0.57,0.2,0.02
"94","Norway",59,2,94902,52,95,61,0.8,124,5509591,117,39.5,57,12.09,158,8.01,86,3.95,29,2,183,2.34,220,82.35,22,1.84,141,23.1,68,10,126,1517000,15,1383000,10,36550,58,6.376e+09,20,371600,38,205300,57,432800,20,135300,43,1.782e+12,20,5663000,77,1.202e+11,3,4.049e+09,65,1.239e+11,7,323802,69,0.05,128,0,147,1.222e+11,29,1.477e+11,29,1.553e+10,12,5.741e+09,34,33860000,30,3,208,0,159,93,8,4,114,2260605,53,5183627,82,444600,100,5775830,116,0.86,176,2.1,113,3.40303e+11,52,63633,14,33.3,26,1.5,143,2699000,110,3.72,54,27,165,54.4,9,4.4,8,36.5,146,1.6656e+10,18,1.85101e+11,35,1.58037e+11,38,6.592e+10,34,6.5104e+11,21,"Western Europe",7.3,1.95,1.52,0.7,0.84,0.22,0.48
"95","Pakistan",14,4,263775,22,151,35,1.99,42,238181034,5,22,180,26.95,40,6.1,151,-0.92,140,140,61,55.26,18,69.37,176,3.53,38,8.6,150,7.8,149,90000,45,13150,58,168200,34,332200000,52,291200,43,557000,33,25510,68,264500,27,5.888e+11,30,6.003e+09,32,0,165,4.505e+10,20,3.905e+10,21,796095,37,0.1,114,0.06,29,9.233e+10,34,1.097e+11,32,0,182,4.9e+08,80,26900000,35,62,125,5,22,27,74,7,93,1760870,58,34734689,22,2461916,50,165405847,11,5.4,36,9.3,208,1.015796e+12,25,4690,178,12.3,160,5.4,53,61710000,9,6,97,33.5,127,15.4,190,-5.8,178,67,56,-7.143e+09,188,3.1517e+10,70,4.227e+10,66,1.846e+10,62,1.07527e+11,53,"South Asia",4.66,1.07,0.6,0.32,0.54,0.14,0.07
"96","Panama",112,1.2,NA,NA,117,49,1.16,87,3928646,129,30.1,122,16.67,97,5.01,196,-0.11,100,52,93,11.25,130,79.47,57,2.21,88,22.7,73,12.8,108,0,185,0,178,0,180,0,180,0,188,146000,67,66,121,129200,45,0,180,0,171,0,166,0,186,0,182,75420,118,0.08,120,0,149,8.708e+09,103,1.06e+10,101,1.39e+08,80,3e+07,110,3400000,97,36,175,0,161,51,36,13,68,523530,83,2199433,118,741269,81,5599005,118,5.4,37,0.9,62,1.33587e+11,82,31459,65,30,36,6.3,38,1633000,127,6.14,99,49.2,16,20.1,152,-1.6,94,37.8,138,-3.036e+09,174,2.594e+10,73,2.8978e+10,72,2.703e+09,114,1.01393e+11,54,"Latin America and Caribbean",6.36,1.7,1.39,0.63,0.72,0.06,0.04
"97","Paraguay",126,1,74676,66,799,9,1.15,88,7272639,103,29.7,128,16.43,102,4.84,201,-0.07,97,84,77,23.83,73,78.13,74,1.89,132,20.3,100,15.3,97,0,186,0,179,0,181,0,181,0,189,43000,112,0,191,40760,89,0,181,0,173,0,167,0,187,0,183,406752,61,1.21,50,0,151,1.09e+10,92,6.313e+10,45,4.113e+10,4,0,185,8870000,65,0,214,0,163,99,3,1,161,377379,98,4566043,88,272656,111,7761848,100,4.8,55,3.6,157,8.9362e+10,97,12685,126,21.3,99,2,132,3428000,100,5.7,93,46.2,24,14.2,202,-1.1,84,19.5,191,-2.98e+08,108,1.173e+10,90,1.135e+10,102,7.877e+09,79,1.6622e+10,102,"Latin America and Caribbean",5.98,1.4,1.41,0.55,0.79,0.13,0.07
"98","Peru",113,1.2,140672,36,191,30,0.88,114,32201224,45,29.1,138,16.67,98,6.09,154,-1.76,165,88,76,19.37,91,74.96,130,2.02,109,19.7,110,7.3,153,49000,54,7995,61,86060,46,434900000,47,166600,57,250000,50,62640,49,65400,71,4.559e+11,32,0,174,5.505e+09,28,7.483e+09,53,1.299e+10,37,1285216,21,0.12,109,0,152,4.461e+10,53,5.013e+10,54,5.5e+07,86,2.2e+07,112,14730000,51,61,128,0,164,35,60,4,115,2310217,52,16461427,40,3099172,43,39138119,39,2.18,129,2.1,114,4.1769e+11,49,12848,124,19.8,107,2.7,113,3421000,101,6.58,104,42.8,42,27.1,103,-3.1,135,25.4,174,-3.531e+09,177,5.5583e+10,60,4.8211e+10,61,6.383e+10,35,8.1333e+10,60,"Latin America and Caribbean",5.84,1.37,1.18,0.66,0.62,0.08,0.03
"99","Philippines",127,1,216387,25,247,24,1.49,64,110818325,13,24.1,168,22.66,58,5.99,159,-1.75,164,121,64,20.55,81,70.32,169,2.89,53,6.4,168,6.8,156,13000,76,16450,52,211400,30,138500000,64,215500,50,424000,36,26710,65,211400,33,9.854e+10,51,0,175,0,168,3.143e+09,72,3.058e+09,58,3e+05,74,0.18,96,0.07,28,7.83e+10,37,8.659e+10,36,0,184,0,186,22130000,39,67,116,0,165,17,97,16,53,5920087,29,63588975,12,4255808,33,167322432,9,6.04,29,2.4,126,9.63121e+11,28,8908,147,31.6,29,7.2,30,41533000,15,5.11,82,44.4,34,15.6,188,-2.2,109,39.9,128,-3.386e+09,176,1.31193e+11,39,1.58307e+11,37,8.157e+10,29,8.1995e+10,59,"Southeast Asia",6.05,1.23,1.15,0.44,0.83,0.1,0.14
"100","Poland",51,2.2,420000,17,126,46,-0.23,213,38185913,37,41.9,39,8.69,210,10.68,25,-0.33,119,2,184,4.22,187,78.53,69,1.39,215,23.1,69,9.9,128,21000,65,4451,66,493100,19,1.26e+08,66,554200,30,649600,30,104800,43,222300,32,7.979e+10,56,1.572e+10,20,1.246e+09,39,2.01e+10,38,5.748e+09,49,312685,71,0.17,98,0.27,19,1.494e+11,24,1.569e+11,25,1.202e+10,17,1.402e+10,17,38110000,28,79,87,0,166,2,141,19,43,7783887,23,29791401,28,6824896,24,48392944,30,4.55,61,2.1,115,1.261433e+12,20,33221,62,20.1,104,7.5,28,9561000,51,5.43,88,29.7,151,39.5,45,-1.7,96,50.6,100,2.92e+09,35,3.94848e+11,21,3.64993e+11,20,1.133e+11,22,3.5177e+11,32,"Central and Eastern Europe",6.44,1.74,1.42,0.64,0.6,0.08,0.18
"101","Portugal",84,1.59,82900,61,64,77,-0.23,211,10263850,90,44.6,13,8.02,220,10.9,21,0.62,67,8,152,2.53,217,81.29,39,1.42,214,20.8,95,18.3,79,0,187,0,180,285200,26,0,182,323000,39,247200,51,143500,36,78700,64,0,182,6.541e+09,30,0,169,6.258e+09,54,0,184,92090,111,0.13,107,0,153,4.694e+10,52,5.69e+10,51,9.701e+09,21,4.616e+09,40,20560000,43,41,168,0,167,25,78,35,9,3967699,38,7731411,62,5087977,29,11909751,75,2.24,126,0.3,37,3.58344e+11,51,34894,58,18.9,116,3.5,89,4717000,82,6.55,103,33.8,120,42.9,29,-3,134,125.7,9,-2.03e+08,100,1.14512e+11,42,1.20334e+11,42,2.611e+10,55,4.62431e+11,27,"Western Europe",6.03,1.73,1.37,0.7,0.76,0.05,0.04
"102","Romania",56,2.07,84185,59,45,95,-0.38,222,21230362,60,42.5,34,8.39,215,11.99,16,-0.2,109,19,127,9.41,143,76.3,108,1.38,217,22.5,75,16.8,86,70000,46,2076,70,145300,38,6e+08,42,232600,47,198000,58,103000,44,49420,81,1.055e+11,50,1.218e+09,59,22650000,53,1.158e+10,45,1.087e+10,40,238391,83,0.16,99,0.03,39,4.964e+10,49,6.178e+10,47,1.122e+10,18,4.177e+09,45,23940000,38,47,156,6,20,29,70,19,44,5277700,31,15165890,43,3380000,40,22671000,53,4.2,71,3.8,163,5.79549e+11,37,29941,68,18.3,121,5.5,50,4889000,80,3.06,41,36,95,29.3,84,-2.8,125,36.8,145,-1.1389e+10,194,1.14311e+11,43,1.36091e+11,39,4.443e+10,43,1.17829e+11,49,"Central and Eastern Europe",6.49,1.7,1.24,0.58,0.72,0.04,0.01
"103","Russia",15,4,1283387,5,1218,5,-0.2,208,142320790,9,40.3,52,9.71,193,13.4,6,1.7,50,17,130,6.51,169,72.16,159,1.6,184,23.1,70,15.2,98,10759000,2,4921000,2,76220,48,8e+10,8,6076000,3,3650000,5,2671000,2,41920,88,4.78e+13,1,1.577e+10,19,2.102e+11,1,4.675e+11,2,6.656e+11,2,17098242,1,0.29,81,0.53,11,9.096e+11,5,1.031e+12,4,1.313e+10,14,3.194e+09,48,244900000,5,68,115,11,13,21,86,1,163,32857614,6,114920477,5,27674128,9,239795946,5,1.34,161,4.4,176,3.96818e+12,6,27044,76,27.6,52,-1,177,69923000,6,4.6,70,37.5,80,16.4,181,-1.4,88,15.5,194,6.5311e+10,6,5.51128e+11,14,3.66919e+11,19,4.327e+11,6,4.79844e+11,26,"Commonwealth of Independent States",5.79,1.64,1.35,0.53,0.55,0.14,0.12
"104","Saudi Arabia",2,7,221372,24,214,26,1.62,60,34783757,41,30.8,119,14.56,122,3.39,223,5.04,20,17,131,12.58,115,76.4,105,1.95,118,35.4,14,28.8,34,10425000,3,7341000,1,0,192,2.662e+11,2,2476000,8,3287000,6,1784000,5,609600,13,8.619e+12,4,0,185,0,179,1.093e+11,7,1.093e+11,8,2149690,14,0,196,0,162,2.962e+11,12,3.241e+11,11,0,194,0,196,82940000,14,100,17,0,178,0,198,0,205,6801949,27,30877318,26,5377978,27,41298629,37,-0.9,199,-2,3,1.609323e+12,17,46962,34,33.6,24,-2.4,186,13800000,39,6,98,45.9,26,26.4,113,-8.9,204,17.2,193,1.523e+10,19,2.211e+11,34,1.193e+11,43,4.964e+11,4,2.051e+11,38,"Middle East and North Africa",6.59,1.84,1.36,0.51,0.79,0.11,0.19
"105","Senegal",92,1.5,16665,120,20,135,2.25,33,16082442,72,19.4,203,31.31,28,7.55,100,-1.24,147,315,35,47.72,28,63.83,205,3.97,29,8.8,146,4.8,168,0,197,0,190,17880,65,0,192,17590,90,48000,107,4063,94,32050,98,0,191,0,186,0,180,59460000,111,59460000,85,196722,88,1.46,45,0,163,3.497e+09,133,4.167e+09,126,0,195,0,197,977000,129,82,79,0,179,7,127,11,79,152047,118,6909635,72,207592,122,17880594,63,7.2,15,-0.8,9,5.5324e+10,113,3395,193,23.4,81,7.7,26,6966000,65,48,217,40.3,61,19.6,155,-3.6,151,48.3,108,-1.547e+09,160,2.362e+09,140,5.217e+09,136,1.827e+09,122,8.571e+09,119,"Sub-Saharan Africa",4.97,0.93,0.75,0.39,0.61,0.15,0.07
"106","Serbia",40,2.4,44248,86,26,125,-0.48,225,6974289,106,43.4,26,8.74,208,13.49,5,0,93,12,141,5.67,173,76.56,102,1.47,210,21.5,88,27.5,38,17000,69,123,81,40980,56,77500000,73,74350,71,74000,90,15750,73,18720,126,4.814e+10,63,2.01e+09,52,0,181,2.718e+09,75,509700000,71,77474,117,0.38,73,0.25,20,2.981e+10,62,3.654e+10,59,6.428e+09,29,5.068e+09,38,7342000,73,65,119,0,180,35,61,1,166,1623790,62,5192501,81,2565392,49,8453887,97,4.18,72,-0.1,18,1.26625e+11,83,18233,98,18.2,123,3.9,78,3e+06,104,14.1,172,36.2,93,42.7,30,0.2,43,62.5,70,-2.354e+09,170,1.592e+10,85,2.044e+10,82,1.191e+10,70,3.0927e+10,82,"Central and Eastern Europe",6.41,1.54,1.39,0.59,0.66,0.2,0.1
"107","Sierra Leone",148,0.7,11700,134,8,161,2.44,24,6807277,108,19.1,206,35.04,18,9.7,41,-0.96,142,1120,3,65.34,6,60.19,218,4.58,20,8.7,147,9.4,132,0,199,0,192,0,194,0,194,0,200,6500,169,0,201,6439,164,0,193,0,188,0,183,0,197,0,195,71740,119,6.92,8,0,165,2.79e+08,188,3e+08,185,0,197,0,199,113300,179,23,194,0,182,51,38,26,26,NA,NA,568099,150,3434,210,6729804,108,3.7,80,14.8,215,1.3425e+10,157,1718,215,-7.3,190,15.5,3,132000,177,15,175,35.7,99,15.6,189,-7.9,199,63.9,63,-4.07e+08,117,1.085e+09,158,2.619e+09,158,4.78e+08,152,1.615e+09,159,"Sub-Saharan Africa",3.25,0.65,0.57,0.25,0.47,0.18,0.05
"108","Singapore",23,3.3,3500,158,9,158,0.95,106,5866139,114,35.6,82,9.13,202,3.93,216,4.26,28,8,153,1.56,226,86.19,2,1.15,225,6.1,171,9.1,135,0,200,14780,54,783300,15,0,195,755000,24,1322000,17,1820000,4,2335000,1,0,194,1.348e+10,23,622900000,41,1.297e+10,44,0,196,719,190,0,197,0,166,4.769e+10,51,4.866e+10,55,0,198,0,200,13350000,53,98,29,0,183,0,200,2,143,1504000,64,5286665,80,1911200,57,9034300,90,0.73,180,0.5,43,5.55193e+11,38,97341,5,42.8,10,5.7,46,3778000,92,2.25,23,45.9,27,15.7,187,-0.3,55,111.1,11,6.3109e+10,8,6.2668e+11,10,5.33478e+11,14,2.799e+11,11,1.557646e+12,16,"Southeast Asia",6.52,2.12,1.36,0.77,0.74,0.17,0.58
"109","Slovakia",60,2,56926,81,35,110,-0.08,203,5436066,118,41.8,41,9.1,203,10.08,34,0.2,75,5,170,4.9,179,78.07,76,1.45,211,20.5,98,16.1,90,200,95,1022,74,111200,42,9e+06,91,131300,64,85880,85,81100,46,38340,91,1.416e+10,75,4.984e+09,37,0,184,4.672e+09,62,104800000,81,49035,130,0.22,90,0.01,52,2.664e+10,66,2.532e+10,72,1.06e+10,19,1.325e+10,19,7644000,72,36,176,27,3,24,81,13,69,1585092,63,4391969,89,675297,85,7399534,103,2.4,117,2.6,133,1.78513e+11,71,32730,64,21.3,100,2.7,114,2511000,114,5,78,25.2,170,39.4,47,-1,81,50.9,98,-3.026e+09,173,1.13964e+11,44,1.0788e+11,47,3.622e+09,102,1.15853e+11,51,"Central and Eastern Europe",6.26,1.71,1.54,0.64,0.57,0.1,0.06
"110","Slovenia",121,1.1,38985,91,16,144,-0.03,200,2102106,149,44.9,11,8.5,214,10.34,29,1.54,53,7,156,1.53,227,81.61,32,1.59,187,20.2,104,8.1,147,5,100,0,194,0,196,0,196,0,202,52140,102,29350,63,93060,56,NA,NA,906100000,62,2832000,55,906100000,94,8e+06,94,20273,154,0.2,94,0.03,40,1.34e+10,84,1.546e+10,88,7.972e+09,26,8.359e+09,29,3536000,95,37,174,20,9,34,63,9,83,627939,80,1676445,128,707059,83,2511979,145,2.4,118,1.6,96,8.1614e+10,99,39088,50,26.5,56,8.6,22,885000,143,7.64,119,24.2,172,43.1,28,0,46,73.6,44,3.05e+09,34,4.9872e+10,61,4.5489e+10,62,889900000,135,4.8656e+10,69,"Central and Eastern Europe",6.74,1.79,1.5,0.7,0.79,0.16,0.13
"111","South Africa",134,0.9,750000,10,407,20,0.95,105,56978635,26,28,142,18.89,77,9.27,50,-0.12,101,119,66,26.82,63,65.04,202,2.2,89,28.3,31,57,2,1600,89,0,197,404000,22,1.5e+07,86,487100,33,621000,32,105600,42,195200,34,0,196,4.162e+09,39,0,187,5.069e+09,60,906100000,70,1219090,26,NA,NA,2.4,3,2.071e+11,21,2.345e+11,21,1.655e+10,11,1.056e+10,24,50020000,21,85,73,4,24,1,150,10,80,1250356,67,31107064,25,2024730,55,96972459,17,0.06,191,4.1,171,7.30913e+11,33,12482,128,14.9,145,1.2,151,14687000,36,28.53,205,63,1,26.6,107,-4.4,163,53,92,-1.0626e+10,191,1.23864e+11,40,1.31721e+11,40,5.072e+10,39,1.79871e+11,43,"Sub-Saharan Africa",5.42,1.39,1.37,0.32,0.54,0.08,0.03
"112","Spain",116,1.17,683175,11,135,40,-0.03,202,47260584,30,43.9,19,8.05,219,9.78,38,1.39,56,4,174,3.14,211,82.21,24,1.51,199,23.8,62,32.5,26,1700,88,0,198,1325000,8,1.5e+08,62,1361000,13,1296000,18,562400,16,464800,18,2.548e+09,96,3.463e+10,12,2.888e+09,36,3.127e+10,29,36810000,87,505370,54,0.02,145,0,168,2.395e+11,15,2.586e+11,17,1.418e+10,13,2.185e+10,9,105900000,12,47,157,7,19,14,108,32,14,15616585,13,42478990,20,19639778,13,55354944,27,1.95,141,0.7,55,1.925576e+12,15,40903,45,22.9,85,4,76,19057000,29,14.13,173,34.7,111,37.9,52,-3.1,136,98.4,18,2.9603e+10,13,5.33771e+11,16,4.63145e+11,18,6.941e+10,32,2.338853e+12,11,"Western Europe",6.42,1.77,1.47,0.73,0.62,0.12,0.18
"113","Sri Lanka",63,1.9,114093,43,18,140,0.63,147,23044123,58,33.7,97,14.01,131,6.45,137,-1.24,148,36,106,8.36,150,77.75,81,2,113,5.2,182,21.1,66,0,203,0,199,33540,60,0,199,34210,84,116000,74,3871,96,66280,70,0,197,0,192,0,189,0,201,0,200,65610,122,0.06,126,0,169,1.267e+10,86,1.366e+10,90,0,202,0,204,3998000,89,52,146,0,187,42,49,6,102,1666317,60,7700876,65,2291464,52,30778582,46,2.29,123,4.3,174,2.85141e+11,56,13078,122,25.3,69,4.6,64,8e+06,60,4.83,72,39.8,64,13.8,204,-5.5,174,79.1,35,-1e+07,69,1.6322e+10,83,2.4984e+10,74,7.959e+09,78,5.5332e+10,64,"South Asia",3.9,1.36,1.18,0.59,0.58,0.14,0.03
"114","Sweden",123,1.1,573134,13,231,25,0.74,132,10261767,91,41.1,47,11.93,160,9.39,49,4.87,22,4,175,2.45,218,82.6,18,1.86,138,20.6,97,20.1,72,0,204,14570,55,400200,23,0,200,413200,36,323100,42,371100,23,229600,29,0,199,764500000,64,0,193,764500000,97,0,204,450295,58,0.21,91,0,172,1.335e+11,27,1.529e+11,27,2.602e+10,6,1.429e+10,16,40290000,26,5,204,22,6,42,50,32,15,4038725,36,9251773,56,1750989,60,12895854,73,1.29,163,1.7,98,5.47595e+11,39,53240,26,29.4,39,4.1,74,5029000,77,6.78,108,28.8,156,50.6,16,1.3,27,40.8,124,2.2339e+10,16,3.0265e+11,25,2.76622e+11,24,6.222e+10,36,9.11317e+11,18,"Western Europe",7.34,1.88,1.5,0.72,0.84,0.22,0.52
"115","Switzerland",149,0.7,71557,68,63,78,0.65,145,8453550,99,42.7,33,10.41,186,8.44,72,4.55,26,5,171,3.64,194,83.03,12,1.58,191,19.5,112,8,148,0,205,0,201,57400,54,0,201,61550,79,223900,54,7345,88,165100,39,NA,NA,3.681e+09,42,0,194,3.709e+09,68,0,205,41277,135,0.01,157,0,173,5.846e+10,43,5.901e+10,50,3.017e+10,5,3.41e+10,4,20840000,42,3,209,18,11,67,21,13,70,4029445,37,7437820,69,3102504,42,10829031,81,1.11,170,0.3,38,5.88472e+11,36,68628,12,35.3,20,3.4,92,5067000,76,2.31,25,32.7,136,35.7,60,1.1,33,41.8,119,7.9937e+10,5,4.43997e+11,19,3.44477e+11,21,8.112e+11,3,1.909446e+12,14,"Western Europe",7.06,1.97,1.43,0.75,0.76,0.17,0.5
"117","Tanzania",106,1.3,87581,56,166,33,2.81,12,62092761,24,18.2,212,33.71,21,5.17,189,-0.44,124,524,19,31.51,54,69.9,171,4.45,21,8.4,151,3.9,170,0,206,0,205,0,202,0,202,0,206,72000,92,0,207,67830,69,6.513e+09,85,0,198,0,198,3.115e+09,74,3.115e+09,56,947300,32,2.19,32,0.02,45,5.682e+09,118,6.699e+09,114,0,206,1.02e+08,99,1457000,124,55,141,0,192,40,53,6,105,1039655,70,13862836,46,76288,147,47685232,31,6.98,17,3.4,154,1.49785e+11,76,2660,203,30.5,35,12,8,24890000,22,10.3,151,40.5,59,15.2,192,-1.8,100,37,141,-1.313e+09,155,7.827e+09,108,9.972e+09,109,5.301e+09,94,2.2054e+10,92,"Sub-Saharan Africa",3.78,0.82,0.71,0.38,0.71,0.19,0.26
"118","Thailand",98,1.4,180053,30,101,56,0.26,178,69480520,20,39,59,10.25,189,7.66,99,-0.03,94,37,103,6.58,168,77.41,86,1.54,194,10,140,4.2,169,228000,34,790,76,875400,12,349400000,50,1328000,14,1326000,16,278300,29,134200,44,1.934e+11,43,1.441e+10,21,0,199,5.264e+10,16,3.859e+10,22,513120,53,0.34,76,0.03,41,1.877e+11,22,1.815e+11,23,2.267e+09,44,1.983e+10,11,44890000,24,76,94,0,193,8,124,16,54,10108819,18,38987531,21,5415000,26,129614000,13,2.62,109,0.7,56,1.285287e+12,18,18460,96,31.5,31,1.6,141,37546000,16,0.99,7,36.4,91,15.2,193,-3.5,148,41.9,118,3.7033e+10,11,2.91169e+11,27,2.57873e+11,28,2.026e+11,12,1.6789e+11,44,"Southeast Asia",5.98,1.48,1.35,0.62,0.76,0.28,0.02
"119","Togo",61,2,11734,133,8,163,2.51,21,8283189,100,20,196,32.34,25,5.39,185,-1.86,167,396,28,42.64,34,70.99,167,4.28,25,8.4,152,9.5,131,0,207,0,206,0,204,0,204,0,208,15000,152,0,209,13100,142,0,200,0,200,0,200,0,206,0,206,56785,126,3.96,18,0,175,1.261e+09,151,232600000,189,0,208,1.14e+09,67,230000,164,70,110,0,195,29,71,1,168,31899,144,1010609,141,43605,160,6239183,112,4.4,63,0.6,50,1.2904e+10,159,1597,220,21.7,96,5,58,2595000,112,6.9,111,43.1,41,21.5,137,-3.8,154,75.7,40,-3.83e+08,114,1.862e+09,147,2.911e+09,156,77800000,182,1.442e+09,161,"Sub-Saharan Africa",4.21,0.76,0.59,0.32,0.45,0.13,0.16
"120","Tunisia",38,2.5,NA,NA,29,119,0.75,129,11811335,79,32.7,107,15.21,116,6.35,139,-1.34,151,43,99,12.16,120,76.57,101,2.03,108,26.9,40,34.9,21,39000,59,39980,42,17580,66,4.25e+08,48,27770,85,102000,79,13660,75,85340,58,6.513e+10,58,3.851e+09,41,0,202,5.125e+09,59,1.274e+09,64,163610,93,0.21,92,0,178,1.527e+10,79,1.844e+10,78,5e+08,68,1.34e+08,96,5768000,77,94,49,0,198,1,151,5,108,1193359,68,7392242,70,1454183,65,14771048,69,2,140,6.7,194,1.25783e+11,84,10756,143,8.6,177,0.5,166,4054000,89,15.5,177,32.8,134,24.7,120,-5.8,180,70.3,51,-4.191e+09,180,1.382e+10,88,1.909e+10,86,5.594e+09,93,3.5911e+10,79,"Middle East and North Africa",4.42,1.31,0.96,0.58,0.25,0.02,0.02
"121","Uganda",55,2.1,20544,112,47,93,3.31,7,44712143,33,15.7,226,41.6,4,5.17,190,-3.37,187,375,30,31.49,55,68.58,180,5.45,7,5.3,181,14.8,100,0,211,0,211,0,209,2.5e+09,31,0,212,32000,119,0,213,31490,99,1.416e+10,76,0,206,0,205,0,210,0,210,241038,81,7.32,7,0,181,3.106e+09,135,3.463e+09,130,1.21e+08,81,5e+07,107,1020000,127,19,195,0,203,68,19,12,74,9485,170,9620681,53,76492,146,25395503,50,4.8,56,2.8,145,9.6838e+10,94,2187,211,22.2,90,4.4,69,15840000,34,9.4,143,42.8,43,14.5,199,-4.1,158,40,127,-1.212e+09,151,7.686e+09,109,9.991e+09,108,3.654e+09,101,1.385e+10,105,"Sub-Saharan Africa",4.37,0.77,1.15,0.37,0.59,0.18,0.05
"122","Ukraine",27,3,169694,32,187,31,-0.49,227,43745640,34,41.2,45,9.23,201,13.9,4,-0.26,113,19,128,7.44,160,73.18,149,1.56,193,24.1,61,15.4,95,32000,61,413,79,4720,76,3.95e+08,49,63670,77,233000,53,1828,105,167000,37,1.104e+12,24,1.297e+10,25,0,206,3.092e+10,30,1.973e+10,31,603550,48,0.34,77,0.42,14,1.332e+11,28,1.536e+11,26,3.591e+09,39,7.7e+07,103,57280000,20,65,120,23,4,8,125,3,128,6784185,28,25883509,29,4182994,34,54842940,28,3.24,93,7.9,200,5.38388e+11,40,12810,125,12.1,164,3.1,100,16033000,33,8.89,135,26.1,167,26.6,108,-1.5,92,71,48,-4.124e+09,179,1.61231e+11,37,2.07335e+11,34,1.881e+10,61,1.1741e+11,50,"Commonwealth of Independent States",4.87,1.35,1.32,0.51,0.63,0.29,0.03
"123","United Arab Emirates",4,5.2,4080,154,43,99,0.62,150,9856612,92,38.4,63,10.87,180,1.51,228,-3.18,181,3,180,5.25,175,79.37,61,1.65,178,31.7,20,7.2,155,3216000,8,2552000,5,0,210,9.78e+10,7,943500,19,896000,24,817700,10,392000,23,6.091e+12,6,2.022e+10,16,7.504e+09,25,7.448e+10,12,6.201e+10,14,83600,115,0,201,0,182,1.132e+11,31,1.218e+11,31,0,213,1.141e+09,66,28910000,33,99,26,0,204,0,210,1,169,3045957,44,9550945,54,2362602,51,19602815,62,0.8,179,-1.9,4,6.55789e+11,34,67119,13,28.5,47,1.8,138,5344000,74,1.6,15,32.5,138,28.8,90,-0.2,51,19.7,190,2.647e+10,14,3.085e+11,24,2.292e+11,31,9.537e+10,27,2.376e+11,34,"Middle East and North Africa",6.73,1.98,1.16,0.56,0.82,0.21,0.26
"124","United Kingdom",41,2.32,394428,19,460,16,0.48,158,67081000,22,40.6,50,11.77,164,9.41,47,2.47,41,7,158,4.27,186,81.3,38,1.86,137,27.8,36,11.2,116,1e+06,20,710600,20,907100,11,2.069e+09,33,1290000,16,1584000,15,613800,14,907500,7,1.76e+11,46,4.7e+10,11,1.127e+10,19,7.917e+10,10,4.211e+10,19,243610,80,0.01,158,0,183,3.092e+11,11,3.182e+11,12,2.153e+09,45,1.97e+10,12,97060000,13,50,152,9,17,2,143,39,6,26786963,8,61784878,13,32288000,7,80967000,19,1.26,164,1.7,99,3.118396e+12,8,46659,35,13.3,154,3.4,93,35412000,17,3.17,43,34.8,110,39.1,49,-1.9,102,87.5,29,-1.21921e+11,205,9.01882e+11,6,9.87018e+11,6,1.508e+11,17,8.72159e+12,2,"Western Europe",6.75,1.82,1.33,0.67,0.71,0.27,0.35
"125","United States",19,3.73,6586610,1,13513,1,0.7,136,334998398,3,38.5,61,12.33,155,8.35,74,3.03,37,19,129,5.22,176,80.43,46,1.84,140,36.2,12,14.9,99,10962000,1,1158000,12,7969000,1,NA,NA,20300000,1,19960000,1,5218000,1,2175000,2,0,203,8.615e+10,4,8.97e+10,4,7.676e+11,1,7.728e+11,1,9833517,4,0.04,131,0.2,22,3.902e+12,2,4.095e+12,2,9.695e+09,22,7.272e+10,1,1.087e+09,2,70,111,9,18,7,128,14,64,114259000,2,285519020,3,107568000,2,442457000,3,2.16,130,1.8,104,2.0524945e+13,2,62530,15,18.7,118,2.3,122,146128000,3,3.89,58,41.1,54,17,172,-3.4,145,78.8,36,-4.80225e+11,206,2.377156e+12,2,3.214184e+12,1,1.233e+11,20,2.0275951e+13,1,"North America and ANZ",6.73,1.94,1.39,0.54,0.59,0.22,0.17
"126","Uruguay",62,2,77732,64,133,42,0.26,173,3398239,132,35.5,85,12.75,145,9.24,51,-0.88,139,17,134,8.48,149,78.19,72,1.76,156,27.9,34,28.7,35,0,213,0,212,40200,57,0,209,42220,81,53000,101,0,214,9591,150,0,204,70790000,75,0,207,70790000,110,0,211,176215,91,1.56,41,0,184,1.077e+10,93,1.313e+10,92,1.321e+09,53,2.4e+07,111,4808000,81,29,185,0,205,29,72,42,4,1012410,71,2300557,115,1165373,72,4779787,122,2.7,108,7.8,199,7.4638e+10,102,21561,88,13,156,-3.6,190,1748000,124,7.6,118,39.7,65,29.8,79,-3.5,149,65.7,57,8.79e+08,51,1.141e+10,93,8.607e+09,114,1.596e+10,66,4.3705e+10,73,"Latin America and Caribbean",6.61,1.6,1.43,0.59,0.78,0.11,0.22
"127","Uzbekistan",16,4,86496,58,53,88,0.86,115,30842796,47,30.1,123,15.85,109,5.4,184,-1.86,168,29,114,19.42,90,75.03,128,1.73,162,16.6,123,NA,NA,41000,57,27000,46,420,81,5.94e+08,44,61740,78,60000,95,3977,95,0,214,1.841e+12,18,0,207,9.401e+09,22,4.307e+10,22,5.21e+10,15,447400,59,0,202,0.06,30,4.907e+10,50,5.555e+10,52,1.3e+10,15,1.084e+10,23,12960000,54,86,69,0,206,14,109,0,212,4597265,32,15705402,42,3553310,39,33380000,44,5.3,41,12.5,213,2.35021e+11,63,6999,159,40.1,13,4.5,67,13273000,41,5,80,36.8,86,31.2,74,0.3,42,24.3,178,1.713e+09,43,1.148e+10,91,1.142e+10,100,1.6e+10,65,1.69e+10,101,"Commonwealth of Independent States",6.2,1.21,1.39,0.54,0.84,0.25,0.22
"129","Vietnam",47,2.3,195468,28,45,96,1,99,102789598,16,31.9,112,16.04,106,5.78,171,-0.23,112,43,100,15.09,104,75.25,123,2.06,101,2.1,192,7.6,150,242000,33,324600,25,0,213,4.4e+09,25,153800,58,438000,35,25620,67,282800,25,6.994e+11,27,0,210,0,210,8.098e+09,52,8.098e+09,44,331210,67,1.49,43,0.35,16,1.432e+11,25,1.582e+11,24,7.13e+08,63,2.733e+09,51,40770000,25,56,140,0,209,43,47,1,170,14802380,15,68267875,11,3658005,38,136230406,12,6.8,21,2.7,138,7.75669e+11,30,8041,152,23.1,84,8,24,54659000,11,3.11,42,35.7,100,24.8,119,-6.7,191,58.5,76,1.2478e+10,22,2.48953e+11,31,2.66066e+11,26,4.95e+10,40,9.658e+10,58,"Southeast Asia",6.04,1.33,1.27,0.54,0.84,0.09,0.16
"130","Yemen",11,4.3,71300,69,57,83,1.93,45,30399243,49,19.8,198,25.21,47,5.69,174,-0.19,105,164,54,47.56,29,67.18,186,3.1,47,17.1,120,24.5,58,61000,49,8990,60,0,216,3e+09,29,20180,89,104000,78,12670,78,75940,65,4.785e+11,31,0,213,0,213,481400000,99,481400000,72,527968,52,0.04,132,0,186,3.681e+09,130,4.784e+09,122,0,218,0,218,1819000,116,79,89,0,212,0,214,21,36,386330,96,7659884,66,1253287,69,16158028,65,-5.9,219,24.7,220,7.363e+10,104,2500,205,-1.9,187,8.9,21,7425000,62,27,199,36.7,88,9,216,-5.2,171,74.5,41,-1.236e+09,153,384500000,183,4.079e+09,145,245400000,170,6.805e+09,125,"Middle East and North Africa",3.56,0.67,1.28,0.29,0.36,0.08,0.11
"131","Zambia",115,1.2,67671,72,88,64,2.93,11,19077816,65,16.9,220,35.23,17,6.24,149,0.33,73,213,46,37.91,44,65.92,196,4.63,18,8.1,155,26,48,0,218,0,216,12860,70,0,213,13120,98,23000,133,371,113,10150,149,0,208,0,214,0,214,0,214,0,215,752618,40,4.45,15,0.04,33,1.104e+10,91,1.155e+10,98,1.176e+09,56,2.185e+09,56,2573000,107,5,205,0,213,93,9,2,146,88891,126,2351646,113,96719,138,17220607,64,3.4,88,9.1,205,6.1985e+10,107,3470,190,39.7,14,4.7,62,6898000,66,15,176,57.1,3,17.4,169,-7.3,195,63.1,66,-1.006e+09,145,8.216e+09,107,7.852e+09,118,2.082e+09,121,1.166e+10,110,"Sub-Saharan Africa",3.5,0.9,0.81,0.26,0.73,0.17,0.11
"132","Zimbabwe",151,0.7,97267,49,196,29,1.94,44,14829988,73,20.5,189,33.34,23,9.02,57,-4.93,200,458,24,29.41,60,62.83,209,3.91,30,15.5,126,27.5,39,0,219,0,217,0,217,0,214,0,216,27000,127,0,216,26400,104,0,209,0,215,0,215,0,215,0,216,390757,62,1.61,39,0.4,15,7.118e+09,108,6.8e+09,113,1.239e+09,54,2.22e+09,54,2122000,111,58,136,0,214,37,58,5,109,204424,111,3796618,93,265734,116,13195902,72,3.7,81,241.7,227,4.1533e+10,120,2836,200,-2.2,188,0.3,167,7907000,61,11.3,159,44.3,35,21.5,138,-9.6,208,82.3,34,-7.16e+08,134,4.422e+09,121,7.215e+09,123,431800000,157,9.357e+09,115,"Sub-Saharan Africa",3.34,0.75,0.85,0.23,0.49,0.1,0.13
